站號,站名,站種,海拔高度(m),經度,緯度,城市,地址,資料起始日期,撤站日期,備註,原站號,新站號
466850,五分山雷達站,署屬有人站,756,121.781205,25.071182,新北市,瑞芳區靜安路四段1巷1號,1988-07-01,,本站只有雷達觀測資料。,,
466881,新北,署屬有人站,24.5,121.525196,24.959207,新北市,新店區莒光路29號,2023-01-01,,為臺北氣象站板橋站區(站碼466880)遷移之新站，於2023/01/03上午11時取代舊站開始提供觀測資料。,466880,
466900,淡水,署屬有人站,19,121.448906,25.164889,新北市,淡水區中正東路42巷6號,1942-10-01,,,,
466910,鞍部,署屬有人站,837.6,121.529731,25.182586,臺北市,北投區陽明山竹子湖路111號,1943-01-01,,,,
466920,臺北,署屬有人站,6.3,121.514853,25.037658,臺北市,中正區公園路64號,1896-08-11,,1992/02至1997/08因本署改建，觀測地點移至臺北師院(466921)。2014至2015氣候年報之氣壓計海面上高度應為30.3m(2014/10/25搬遷，6.6m->30.3m)。,,
466930,竹子湖,署屬有人站,607.1,121.544547,25.162078,臺北市,北投區陽明山竹子湖路2號,1943-01-01,,,,
466940,基隆,署屬有人站,26.7,121.740475,25.133314,基隆市,仁愛區港西街6號6樓(海港大樓6樓),1946-10-01,,,,
466950,彭佳嶼,署屬有人站,101.7,122.079744,25.627975,基隆市,中正區彭佳嶼,1936-05-01,,,,
466990,花蓮,署屬有人站,16.1,121.613275,23.975128,花蓮縣,花蓮市花崗街24號,1910-11-01,,,,
467050,新屋,署屬有人站,20.6,121.047492,25.006725,桃園市,新屋區東興路二段946號,2013-07-01,,座標及高度於2013/10/09更正。2020/01/01至2020/02/15因施工部分觀測資料缺值。,,
467080,宜蘭,署屬有人站,7.2,121.756528,24.763975,宜蘭縣,宜蘭市力行路150號,1935-12-06,,,,
467110,金門,署屬有人站,47.9,118.289281,24.407306,金門縣,金城鎮金水里西海路一段250號,2004-01-16,,,,
467270,田中,署屬有人站,48.6,120.581286,23.873803,彰化縣,田中鎮中潭里4鄰高鐵三路1段167號,2020-04-09,,,,
467280,後龍,署屬有人站,30,120.831834,24.648563,苗栗縣,造橋鄉龍昇村九車籠42-16號,2024-06-12,,於2024/05/24新增，2024/06/12開始觀測。目前經緯度及海拔高度數值為簡易量測，待後續大地量測後會再更新。,,
467290,古坑,署屬有人站,90,120.551889,23.633639,雲林縣,古坑鄉永光村文昌路270號,2024-09-26,,於2024/09/26開始觀測。目前測站建置中，經緯度及海拔高度數值為簡易量測，待後續大地量測後會再更新。,,
467300,東吉島,署屬有人站,43,119.66762,23.25727,澎湖縣,望安鄉東吉村156號,1963-01-01,,,,
467350,澎湖,署屬有人站,10.7,119.563094,23.565503,澎湖縣,馬公市新興路2號,1896-11-21,,,,
467410,臺南,署屬有人站,40.8,120.20492,22.99328,臺南市,中西區公園路21號,1897-01-01,,1998/05停止觀測，2002/01恢復觀測。2002年至2006年氣候年報之風速儀地上高度應為53.7m。,,
467420,永康,署屬有人站,8.1,120.2367,23.038386,臺南市,永康區鹽行里正南五街520巷88號,1947-06-01,,,,
467441,高雄,署屬有人站,11.8,120.312516,22.730432,高雄市,楠梓區德民路28號,2022-01-24,,,467440,
467480,嘉義,署屬有人站,26.9,120.432906,23.495925,嘉義市,西區北新里海口寮路56號,1968-09-01,,,,
467490,臺中,署屬有人站,84,120.684075,24.145736,臺中市,北區精武路295號,1897-01-01,,2000年至2006年氣候年報之海拔高度誤植為34m。,,
467530,阿里山,署屬有人站,2413.4,120.813242,23.508208,嘉義縣,阿里山鄉中正村4鄰東阿里山73-1號,1933-04-01,,,,
467540,大武,署屬有人站,8.1,120.90374,22.35572,臺東縣,大武鄉大武街115號,1940-01-01,,觀測指標08日次02始時/觀測設備。於2024/09/13起取消所有人工觀測項目填報，僅保留儀器自動量測項目。,,
467550,玉山,署屬有人站,3844.8,120.95943,23.48718,南投縣,信義鄉玉山北峰1號,1943-10-01,,,,
467571,新竹,署屬有人站,26.9,121.014219,24.827853,新竹縣,竹北市北崙里3鄰光明五街60號,1991-07-01,,,,
467590,恆春,署屬有人站,22.3,120.746339,22.003897,屏東縣,恆春鎮天文路50號,1896-11-20,,,,
467610,成功,署屬有人站,33.5,121.373428,23.097486,臺東縣,成功鎮公民路84號,1940-01-01,,,,
467620,蘭嶼,署屬有人站,324,121.55843,22.0369,臺東縣,蘭嶼鄉紅頭村2號,1941-11-01,,,,
467650,日月潭,署屬有人站,1017.5,120.90805,23.881325,南投縣,魚池鄉水社村中山路270巷14號,1941-11-01,,,,
467660,臺東,署屬有人站,9,121.154586,22.752211,臺東縣,臺東市大同路106號,1901-01-01,,,,
467790,墾丁雷達站,署屬有人站,42,120.808028,21.948235,屏東縣,恆春鎮燈塔路51巷33號,2001-11-01,,本站只有雷達觀測資料。,,
467990,馬祖,署屬有人站,97.8,119.923158,26.169467,連江縣,南竿鄉四維村6鄰88號,2004-01-01,,,,
C0A520,山佳,署屬自動站,48,121.402008,24.974944,新北市,樹林區中山路3段5號(山佳國民小學校園內),1987-06-01,,,,
C0A530,坪林,署屬自動站,300,121.70975,24.938183,新北市,坪林區,1987-06-01,,,,
C0A550,泰平,署屬自動站,422,121.823711,24.971197,新北市,雙溪區泰平里8鄰大平路43號(泰平國小分校附近),1987-06-01,,,,
C0A570,桶後,署屬自動站,360,121.597992,24.848222,新北市,烏來區后桶街49號孝義里5-6k處路旁,1987-06-01,,,,
C0A640,石碇,署屬自動站,241,121.662917,24.993969,新北市,石碇區湳窟34號附近,2009-12-01,,原(C1A640)站因擴充為氣象站，於2009/12/1升級為(C0A640)站。,C1A640,
C0A770,科教館,署屬自動站,60,121.516507,25.096356,臺北市,士林區士商路189號（士林科教館樓頂）,2021-12-13,,,,
C0A860,大坪,署屬自動站,362,121.632969,25.165914,新北市,萬里區溪底里香員林6-3號,1995-01-01,,,,
C0A870,五指山,署屬自動站,685,121.608692,25.132153,新北市,汐止區國軍示範公墓旁之復興廣播電台門口外,1995-01-01,,,,
C0A890,雙溪,署屬自動站,40,121.864242,25.036003,新北市,雙溪區雙溪里社區活動中心旁花圃內,1995-01-01,,,,
C0A931,三和,署屬自動站,216,121.595236,25.233153,新北市,金山區三和國小兩湖分校,2014-04-01,,原(C0A930)站因移位，於2014/4/1更變為(C0A931)站。,C0A930,
C0A940,金山,署屬自動站,49,121.643967,25.223628,新北市,金山區中興段404地號(磺港社區活動中心內),1995-01-01,,,,
C0A950,鼻頭角,署屬自動站,60,121.923372,25.129036,新北市,瑞芳區鼻頭角燈塔旁,1995-01-01,,,,
C0A970,三貂角,署屬自動站,96,122.002058,25.007606,新北市,貢寮區三貂角燈塔旁,1996-01-01,,本站於2017/10/23進行儀器汰換，於2017/12/1完成驗收。,,
C0A980,社子,署屬自動站,11,121.469681,25.109508,臺北市,士林區延平北路九段212號(臺北海洋科技大學內),1997-12-01,,,,
C0A9C0,天母,署屬自動站,35,121.537169,25.117494,臺北市,士林區天母東路116號(三玉國小內),1997-12-01,,,,
C0A9F0,內湖,署屬自動站,35,121.57545,25.079422,臺北市,內湖區內湖路一段520號(內湖高工內),1997-12-01,,,,
C0AC40,大屯山,署屬自動站,1079,121.522408,25.175675,臺北市,北投區湖田段461-6地號(民航局大屯山助航臺),2006-01-01,,,,
C0AC60,三峽,署屬自動站,55,121.369728,24.939025,新北市,三峽區復興路238號(三峽國中校園內),2009-10-01,,,,
C0AC70,信義,署屬自動站,71,121.564597,25.037822,臺北市,信義區市府路1號(台北市政府頂樓),2009-10-01,,,,
C0AC80,文山,署屬自動站,40,121.575728,25.00235,臺北市,文山區木柵路4段159巷14-1號(博嘉國小校園內),2009-12-01,,原(C1AC80)站因擴充為氣象站，於2009/12/1升級為(C0AC80)站。,C1AC80,
C0ACA0,新莊,署屬自動站,25,121.446756,25.051478,新北市,新莊區中和街193號(榮富國小校園內),2009-12-01,,原(C1ACA0)站因擴充為氣象站，於2009/12/1升級為(C0ACA0)站，站址搬遷至同校行政大樓西側。,C1ACA0,
C0AD10,八里,署屬自動站,27,121.403947,25.150211,新北市,八里區中山路二段338號(八里國小內),2009-11-01,,,,
C0AD30,蘆洲,署屬自動站,20,121.472331,25.086594,新北市,蘆洲區三民路96號(三民高中內),2009-11-01,,,,
C0AD40,土城,署屬自動站,32,121.445169,24.973208,新北市,土城區金城路一段90號(新北市政府消防局土城分隊大樓樓頂),2009-11-01,,,,
C0AD50,鶯歌,署屬自動站,84,121.346294,24.951533,新北市,鶯歌區尖山埔路106號(鶯歌國小內),2009-11-01,,,,
C0AG80,中和,署屬自動站,48,121.491792,24.991622,新北市,中和區錦和路163號(錦和高中內),2021-10-18,,,,
C0AH00,汐止,署屬自動站,38,121.658778,25.066881,新北市,汐止區大同路二段394號(汐止國中),2011-09-01,,,,
C0AH10,永和,署屬自動站,30,121.508111,25.01125,新北市,永和區永平路205號(永平高中校園內),2014-01-01,,,,
C0AH30,五分山,署屬自動站,755,121.780794,25.07125,新北市,瑞芳區靜安路四段1巷1號,2016-01-01,,,,
C0AH40,平等,署屬自動站,426,121.577086,25.129142,臺北市,士林區平菁街101號(平等國小),2016-08-01,,,,
C0AH50,林口,署屬自動站,275,121.38084,25.072181,新北市,林口區仁愛路二段173號(林口高中內),2017-01-10,,,,
C0AH70,松山,署屬自動站,34,121.55042,25.04871,臺北市,松山區敦化北路1號(臺北市松山運動中心),2017-04-26,,因雨量筒較晚驗收完成，2017/04/26至2017/08/17不提供雨量資料。,,
C0AH80,深坑,署屬自動站,68,121.628328,25.002703,新北市,深坑區文山路1段35號(深坑消防分隊樓頂),2017-08-02,,,,
C0AH90,福山植物園,署屬自動站,660,121.58135,24.760717,新北市,烏來區福山植物園內(生活植物區之民俗植物區觀測坪),2018-03-23,,,,
C0AI00,五股,署屬自動站,188,121.42728,25.07445,新北市,五股區外寮路12號,2018-07-10,,,,
C0AI10,屈尺,署屬自動站,76,121.54475,24.92184,新北市,新店區屈尺路83號(衛福部北區老人之家),2018-11-20,,,C0A580,
C0AI20,白沙灣,署屬自動站,25,121.519058,25.283128,新北市,石門區德茂里下員坑33-6號（白沙灣遊客中心樓頂）,2018-11-28,,,,
C0AI30,三重,署屬自動站,26,121.500629,25.057328,新北市,三重區環河南路100號,2019-08-02,,原(C0A9I1)站因移位，於2019/8/2變更為(C0AI30)站。,C0A9I1,
C0AI40,石牌,署屬自動站,35,121.513139,25.115597,臺北市,北投區石牌路一段139號(石牌國中自強樓頂樓),2019-09-10,,原(C0A9B0)站因移位，於2019/9/10變更為(C0AI40)站。,C0A9B0,
C0AJ20,野柳,署屬自動站,50,121.690021,25.20703,新北市,萬里區野柳村151-1號(野柳守望哨雷達塔),2022-03-09,,,,
C0AJ30,淡水觀海,署屬自動站,22,121.408616,25.184591,新北市,淡水區觀海路251號(淡水第2海巡隊樓頂),2022-03-09,,,,
C0AJ40,石門,署屬自動站,154,121.601198,25.273672,新北市,石門區草里里草埔尾5號(黃金海岸高爾夫球場),2022-03-09,,,,
C0AJ50,水湳洞,署屬自動站,30,121.862238,25.123695,新北市,瑞芳區水湳洞段00197-000建號(水湳洞犬區隊),2022-03-09,,,,
C0AJ60,六塊厝,署屬自動站,13,121.4481,25.24,新北市,淡水區,2022-12-26,,,,
C0AJ70,田寮,署屬自動站,21,121.4886,25.2698,新北市,三芝區古庄里83之1號,2022-12-26,,,,
C0AJ80,板橋,署屬自動站,38,121.4489,25.0107,新北市,板橋區僑中一街1號,2023-01-03,,配合板橋有人站遷移，2023/01/03上午11時開始自動觀測。,,
C0AJ90,澳底,署屬自動站,23,121.9253,25.0552,新北市,貢寮區真理里延平街10號(澳底國小),2023-06-16,,原(C0AJ10)站因移位，於2023/06/16變更為(C0AJ90)站。,C0AJ10,
C0AK10,太平里,署屬自動站,18,121.364899,25.134937,新北市,林口區太平里汕頭32號,2025-02-05,,,,
C0AK30,硬漢嶺,署屬自動站,607,121.426372,25.136097,新北市,觀音山硬漢嶺前奉茶基地上方平台,2025-04-07,,原(CAAH70)合作站於2025/04/07升級為(C0AK30)自動氣象站。,CAAH70,
C0B010,七堵,署屬自動站,38,121.71713,25.094819,基隆市,七堵區東新街22號(基隆商工樓頂),2018-06-23,,,,
C0B020,基隆嶼,署屬自動站,86,121.78391,25.19141,基隆市,中正區基隆嶼,2018-10-26,,,,
C0B040,大武崙,署屬自動站,15,121.706993,25.166676,基隆市,安樂區武聖街144弄50號(大武崙安檢所樓頂),2022-03-09,,,,
C0B050,八斗子,署屬自動站,5,121.79167,25.144754,基隆市,中正區漁港1街9號(八斗子安檢所樓頂),2022-03-09,,,,
C0B060,暖暖,署屬自動站,83,121.7403,25.0957,基隆市,暖暖區東碇路15號（暖暖運動公園內）,2023-01-14,,,,
C0C460,復興,署屬自動站,482,121.352281,24.820208,桃園市,復興區澤仁里中正路248號(介壽國民中學校園內),2007-10-01,,原(C1C460)站因擴充為氣象站，於2007/10/1升級為(C0C460)站。,C1C460,
C0C480,桃園,署屬自動站,105,121.323172,24.992425,桃園市,桃園區成功路二段144號(桃園高級農工職業學校校園內),2008-01-01,,原(C1C480)站因擴充為氣象站，於2008/1/1升級為(C0C480)站。,C1C480,
C0C490,八德,署屬自動站,157,121.283289,24.928708,桃園市,八德區興仁里中山路94號(八德國民小學校園內),2011-12-01,,原(C1C490)站因擴充為氣象站，於2011/12/1升級為(C0C490)站。,C1C490,
C0C590,觀音,署屬自動站,72,121.153317,25.027072,桃園市,觀音區廣福里10-42號(逸福農場),2007-10-01,,,,
C0C620,蘆竹,署屬自動站,19,121.265767,25.084275,桃園市,蘆竹區坑口里14鄰旁,2011-12-01,,原(C1C620)站因擴充為氣象站，於2011/12/1升級為(C0C620)站。,C1C620,
C0C630,大溪,署屬自動站,209,121.265547,24.882853,桃園市,大溪區員林路2段450號(員樹林國小校園內),2007-12-01,,,,
C0C650,平鎮,署屬自動站,208,121.214636,24.897503,桃園市,平鎮區中豐路山頂段375巷45號(山豐國民小學校園內),2007-12-01,,,,
C0C660,楊梅,署屬自動站,176,121.143047,24.912375,桃園市,楊梅區金華街100號(楊心國小),2013-08-01,,,,
C0C670,龍潭,署屬自動站,250,121.221389,24.870056,桃園市,龍潭區中興路726號（龍潭消防分隊）,2014-04-01,,,,
C0C680,龜山,署屬自動站,228,121.38656,25.02846,桃園市,龜山區文化一路250號(國立體育大學田徑場),2017-04-12,,,,
C0C700,中壢,署屬自動站,151,121.256375,24.977661,桃園市,中壢區成章四街120號(內壢高中樓頂),2017-12-27,,,,
C0C710,大溪永福,署屬自動站,143,121.324975,24.892936,桃園市,大溪區信義路1165號（永福國小）,2018-12-26,,,,
C0C720,竹圍,署屬自動站,21,121.239824,25.112692,桃園市,大園區沙崙段沙崙小號00719-000建號(竹圍第一機動巡邏隊樓頂),2022-03-09,,,,
C0C730,中大臨海站,署屬自動站,5,121.008581,24.966126,桃園市,新屋區蚵殼港段深圳小段52-41號土地(中央大學臨海工作站),2022-03-09,,,,
C0C740,觀音工業區,署屬自動站,5.3,121.114856,25.064764,桃園市,觀音區經建七路5號(觀音工業區汙水處理廠迴流汙泥站機房樓頂),2022-03-09,,,,
C0C750,新興坑尾,署屬自動站,72,121.0971,25.0061,桃園市,觀音區文化路石橋段453號,2022-12-26,,,,
C0C790,東眼山,署屬自動站,858,121.40888,24.8284,桃園市,復興區東眼山段93地號,2025-04-25,,,,
C0C800,四稜,署屬自動站,1167,121.4293,24.64733,桃園市,復興區四稜段6地號,2025-04-25,,,,
C0D360,梅花,署屬自動站,523,121.208558,24.678347,新竹縣,尖石鄉梅花村1鄰11號(梅花國小校園內),1987-06-01,,,,
C0D430,峨眉,署屬自動站,87,121.017189,24.6905,新竹縣,峨眉鄉31541峨眉村峨眉街54號(峨眉國中校園內),2011-12-01,,原(C1D430)站因擴充為氣象站，於2011/12/1升級為(C0D430)站。,C1D430,
C0D480,打鐵坑,署屬自動站,223,121.150789,24.849664,新竹縣,新埔鎮新北里8鄰大北坑28號旁,2008-01-01,,原(C1D480)站因擴充為氣象站，於2008/1/1升級為(C0D480)站。,C1D480,
C0D540,橫山,署屬自動站,227,121.11693,24.71116,新竹縣,橫山鄉橫山村橫山段426-6地號上,2007-10-01,,,,
C0D550,雪霸,署屬自動站,1956,121.11605,24.526972,新竹縣,五峰鄉桃山村民石380號(雪霸農場內),2007-10-01,,,,
C0D560,竹東,署屬自動站,147,121.057881,24.767147,新竹縣,竹東鎮二重國民小學校園內,2008-01-01,,原(C1D560)站因擴充為氣象站，於2008/1/1升級為(C0D560)站。,C1D560,
C0D580,寶山,署屬自動站,120,121.025192,24.735006,新竹縣,寶山鄉新湖路280號旁,2007-12-01,,,,
C0D590,新豐,署屬自動站,143,120.97721,24.87068,新竹縣,新豐鄉松柏村康和路199號(小叮噹科學主題樂園),2007-10-01,,原(C0C580)站因縣市代碼不符，於2008/2/25重新編碼為(C0D590)站。,C0C580,
C0D650,湖口,署屬自動站,97,121.043628,24.904794,新竹縣,湖口鄉信勢村三鄰成功路109號(湖口消防分隊),2013-10-01,,,,
C0D660,新竹市東區,署屬自動站,65,120.986942,24.798681,新竹市,東區光復路二段321號（工研院光復院區6館）,2014-11-01,,,,
C0D670,海天一線,署屬自動站,23,120.914438,24.831986,新竹市,北區(海天一線看海公園),2022-03-09,,,,
C0D680,香山濕地,署屬自動站,24,120.914988,24.783581,新竹市,香山區西濱路三段500巷17號,2022-03-09,,,,
C0D690,外湖,署屬自動站,20,120.968711,24.917735,新竹縣,新豐鄉新豐段00369-000建號(外湖守望哨樓頂),2022-03-09,,,,
C0D700,關西,署屬自動站,155,121.1732,24.7977,新竹縣,關西鎮北斗里北門口41號(關西國中校園內),2023-02-19,,原(C0D390)站因移位，於2023/02/19變更為(C0D700)站。,C0D390,
C0D750,樂山林道6k,署屬自動站,2292,121.08773,24.49999,新竹縣,五峰鄉檜山段33地號,2025-04-25,,,,
C0D760,大坪苗圃,署屬自動站,1371,121.1108,24.5362,新竹縣,五峰鄉腦寮段3地號,2025-04-25,,,,
C0E420,竹南,署屬自動站,19,120.888897,24.708978,苗栗縣,竹南鎮大埔里仁愛路1092號(竹南鎮大埔國民小學內),1987-06-01,,,,
C0E430,南庄,署屬自動站,258,121.000214,24.601775,苗栗縣,南庄鄉東村文化路3號(南庄國小校園內),1987-06-01,,,,
C0E550,明德,署屬自動站,84,120.885411,24.583486,苗栗縣,頭屋鄉明德水庫水利工作站屋頂上,2011-11-01,,原(C1E550)站因擴充為氣象站，於2011/11/1升級為(C0E550)站。,C1E550,
C0E570,白沙屯,署屬自動站,31,120.696803,24.549447,苗栗縣,通霄鎮新埔里19鄰新埔151-2號,2025-02-05,,,,
C0E590,通霄,署屬自動站,40,120.704622,24.471892,苗栗縣,通霄鎮城北里1鄰13號(通霄鎮城中國民小學內),2011-11-01,,原(C1E590)站因擴充為氣象站，於2011/11/1升級為(C0E590)站，原為土城雨量站。於2024/01/08完成儀器汰換,C1E590,
C0E610,馬都安,署屬自動站,850,120.930192,24.451272,苗栗縣,泰安鄉錦水村(由泰安開車約2小時瞭望台旁),1990-07-21,,,,
C0E730,頭份,署屬自動站,26,120.912206,24.688247,苗栗縣,頭份市中正路219號(苗栗縣頭份鎮頭份國小校園內),2007-12-01,,,,
C0E740,造橋,署屬自動站,27,120.864778,24.637056,苗栗縣,造橋鄉造橋村14鄰3號(造橋國小),2011-11-01,,於2024/01/08完成儀器汰換,,
C0E750,苗栗,署屬自動站,62,120.824575,24.564569,苗栗縣,苗栗市中正路241號(建功國小),2011-11-01,,,,
C0E780,銅鑼,署屬自動站,160,120.790853,24.489681,苗栗縣,銅鑼鄉福興村文化街1號(銅鑼國小),2011-11-01,,,,
C0E791,卓蘭,署屬自動站,366,120.8244,24.3126,苗栗縣,卓蘭鎮中山路125-1號(卓蘭鎮圖書館樓頂),2022-09-21,,原(C0E790)站因移位，於2022/9/21變更為(C0E791)站。,C0E790,
C0E810,西湖,署屬自動站,53,120.7485,24.562947,苗栗縣,西湖鄉二湖村2鄰22號(僑文國小),2011-11-01,,於2024/01/08完成儀器汰換,,
C0E820,獅潭,署屬自動站,220,120.920042,24.539133,苗栗縣,獅潭鄉新店村11鄰103-2號(獅潭鄉公所圖書館樓頂),2011-12-01,,,,
C0E830,苑裡,署屬自動站,37,120.653053,24.439714,苗栗縣,苑裡鎮信義路1號(苑裡鎮公所),2013-12-01,,於2024/01/08完成儀器汰換,,
C0E850,大河,署屬自動站,104,120.948578,24.618069,苗栗縣,三灣鄉大河村48號(大河派出所),2015-08-04,,,,
C0E870,高鐵苗栗,署屬自動站,34,120.826094,24.60725,苗栗縣,後龍鎮高鐵三路268號(高鐵苗栗站外),2017-08-01,,,,
C0E910,海埔,署屬自動站,25,120.772435,24.648767,苗栗縣,後龍鎮海埔125之15號(外埔安檢所樓頂),2022-03-09,,,,
C0E920,通霄漁港,署屬自動站,20,120.673876,24.498589,苗栗縣,通霄鎮漁港路69號(通霄安檢所樓頂),2022-03-09,,,,
C0E930,龍鳳,署屬自動站,26,120.859125,24.700034,苗栗縣,竹南鎮龍鳳里龍江街359巷5號(龍鳳安檢所樓頂),2022-03-09,,,,
C0E940,雪見,署屬自動站,1881,121.01347,24.42595,苗栗縣,泰安鄉盡尾段15-1地號,2025-04-25,,,,
C0E950,松安,署屬自動站,1328,120.98599,24.39792,苗栗縣,泰安鄉荻岡段39地號,2025-04-25,,,,
C0E960,觀霧分站,署屬自動站,2094,121.113921,24.505781,苗栗縣,泰安鄉觀霧段55-1地號,2025-04-25,,,,
C0F0A0,雪山圈谷,署屬自動站,3587,121.236339,24.388594,臺中市,和平區(往雪山主峰路上9.8公里處右邊),2016-07-15,,,,
C0F0B0,石岡,署屬自動站,311,120.777644,24.276061,臺中市,石岡區石岡街6號 (臺中市石岡區衛生所),2016-10-01,,,,
C0F0C0,中坑,署屬自動站,983,120.903319,24.248517,臺中市,和平區中坑里中坑段39地號內,2017-06-14,,,,
C0F0D0,審馬陣,署屬自動站,3171,121.4203,24.381675,臺中市,和平區南湖大山指標16.2K處(審馬陣山附近),2017-12-28,,,,
C0F0E0,南湖圈谷,署屬自動站,3557,121.444667,24.363714,臺中市,和平區南湖大山指標20K處(南湖主峰東峰岔路附近),2017-12-28,,,,
C0F850,東勢,署屬自動站,379,120.833047,24.246428,臺中市,東勢區東關路647號(東勢林區管理處雙崎工作站內),2011-11-01,,原(C1F850)站因擴充為氣象站，於2011/11/1升級為(C0F850)站。,C1F850,
C0F970,大坑,署屬自動站,145,120.722289,24.173142,臺中市,北屯區軍福十三路268號(東山消防分隊),2011-11-01,,原(C1F970)站因擴充為氣象站，於2011/11/1升級為(C0F970)站。,C1F970,
C0F9I0,神岡,署屬自動站,194,120.658314,24.272481,臺中市,神岡區三民路639號(圳堵國小校園南側大樓屋頂平台),2011-11-01,,本站原為雨量站(C1F9I0)，於2011/11/1擴充為氣象站，變更站碼為(C0F9I0)。於2025/02/05完成儀器汰換。,C1F9I0,
C0F9K0,大安,署屬自動站,30,120.588025,24.345061,臺中市,大安區中庄里中山南路296號(大安國小),2011-11-01,,於2024/01/08完成儀器汰換,,
C0F9L0,后里,署屬自動站,253,120.729725,24.310436,臺中市,后里區甲后路110號(后里國小),2011-11-01,,,,
C0F9M0,豐原,署屬自動站,230,120.720692,24.254322,臺中市,豐原區豐榮里12鄰新生北路155號(豐原國小),2011-11-01,,,,
C0F9N0,大里,署屬自動站,75,120.701378,24.092464,臺中市,大里區文化街120號(塗城國小),2011-11-01,,,,
C0F9O0,潭子,署屬自動站,175,120.703933,24.213106,臺中市,潭子區中山路二段435號(潭子國小),2011-11-01,,,,
C0F9P0,清水,署屬自動站,26,120.562242,24.312297,臺中市,清水區護岸路37號(高美國小),2011-11-01,,於2024/01/08完成儀器汰換,,
C0F9Q0,外埔,署屬自動站,149,120.705686,24.347817,臺中市,外埔區土城里土城西路55號(安定國小),2011-11-01,,,,
C0F9R0,龍井,署屬自動站,20,120.528972,24.184536,臺中市,龍井區西里龍門路51號(龍井國小),2011-11-01,,於2024/01/08完成儀器汰換,,
C0F9S0,烏日,署屬自動站,43,120.624103,24.107058,臺中市,烏日區中山路二段196號(烏日國小),2011-11-01,,於2024/01/08完成儀器汰換,,
C0F9T0,西屯,署屬自動站,111,120.641275,24.179494,臺中市,西屯區西屯路二段300號(西屯國小),2011-11-01,,於2024/01/08完成儀器汰換,,
C0F9U0,南屯,署屬自動站,74,120.637969,24.137006,臺中市,南屯區黎明路一段968號(南屯國小),2011-11-01,,於2024/01/08完成儀器汰換,,
C0F9V0,新社,署屬自動站,525,120.815806,24.200172,臺中市,新社區大南里興中街46號(農委會種苗改良繁殖場),2011-11-01,,,,
C0F9X0,大雅(中科園區),署屬自動站,166,120.62445,24.21528,臺中市,大雅區中部科學工業園區臺中園區(汙水處理機房樓頂),2015-08-21,,於2024/01/08完成儀器汰換,,
C0F9Y0,桃山,署屬自動站,3313,121.303808,24.432739,臺中市,和平區(位於往桃山山屋叉路解說牌附近),2016-07-15,,,,
C0F9Z0,雪山東峰,署屬自動站,3193,121.268675,24.388792,臺中市,和平區(位於雪山東峰直升機停機坪東南東方60公尺處),2016-07-15,,,,
C0FA10,松柏,署屬自動站,22,120.617482,24.429115,臺中市,大甲區順帆路233號(松柏安檢所樓頂),2022-03-09,,,,
C0FA20,溫寮,署屬自動站,26,120.583125,24.372177,臺中市,大安區中山北路1巷67號(臺中大安區里民活動中心樓頂),2022-03-09,,,,
C0FA30,梧棲,署屬自動站,31.73,120.523381,24.256003,臺中市,梧棲區臺灣大道十段2號海港大樓6樓,2022-08-01,,本站站碼於2022/8/1由467770改為C0FA30。,467770,
C0FA40,臺中電廠,署屬自動站,25,120.4907,24.2146,臺中市,龍井區龍昌路1號,2022-12-26,,,,
C0FA50,霧峰,署屬自動站,58,120.6995,24.0419,臺中市,霧峰區新生路192號(921地震教育園區內),2023-03-10,,,,
C0FA60,鞍馬山工作站,署屬自動站,2137,121.000793,24.267064,臺中市,和平區鞍馬山段31地號,2025-04-25,,,,
C0FA70,大雪山埡口,署屬自動站,2591,121.03062,24.26867,臺中市,和平區小雪山段36地號,2025-04-25,,,,
C0FA80,小雪山天池,署屬自動站,2629,121.02627,24.28025,臺中市,和平區小雪山段3地號,2025-04-25,,,,
C0FA90,小雪山林道,署屬自動站,2940,121.03651,24.29515,臺中市,和平區小雪山段51地號,2025-04-25,,,,
C0FB00,大雪山,署屬自動站,2275,121.007374,24.254668,臺中市,和平區鞍馬山段4地號,2025-04-25,,,,
C0FB10,出雲山苗圃,署屬自動站,1034,120.90475,24.23105,臺中市,和平區橫流溪段41地號,2025-04-25,,,,
C0FB20,雪山橋,署屬自動站,2006,120.9786,24.23192,臺中市,和平區鞍馬山段111地號,2025-04-25,,,,
C0FB30,八仙山苗圃,署屬自動站,961,121.001366,24.192719,臺中市,和平區八仙山段32地號,2025-04-25,,,,
C0FB40,中橫21.6k,署屬自動站,1341,121.1455,24.2499,臺中市,和平區光明段12地號,2025-04-25,,,,
C0FB70,大甲溪埔,署屬自動站,41,120.620067,24.370625,臺中市,台中市大甲區東西七路一段(大甲飛龍團九天玄女會館入口旁),2025-02-05,,於2025/02/07變更站名。,,
C0G620,芬園,署屬自動站,110,120.6213,24.015678,彰化縣,芬園鄉楓坑村大埔崙產業道路上(芬園往臺灣民俗村路上),2011-11-01,,原(C1G620)站因擴充為氣象站，於2011/11/1升級為(C0G620)站。,C1G620,
C0G650,員林,署屬自動站,34,120.585597,23.946503,彰化縣,員林市萬年里明倫路2號(明倫國中內),1992-07-01,,本站於2011/3/10進行儀器汰換，於2011/11/1完成驗收。,,
C0G660,溪湖,署屬自動站,27,120.479122,23.94835,彰化縣,溪湖鎮大竹里彰水路2段725號(湖南國民小學內),2011-11-01,,原(C1G660)站因擴充為氣象站，於2011/11/1升級為(C0G660)站。,C1G660,
C0G720,溪州,署屬自動站,50,120.499093,23.851589,彰化縣,溪州鄉溪下路四段560號(溪州鄉公所),2015-07-03,,,,
C0G730,二林,署屬自動站,27,120.376081,23.903325,彰化縣,二林鎮仁愛路200號(二林消防分隊),2015-07-03,,原中西(C1G700)站因移位及擴充為氣象站，於2015/7/1升級為(C0G730)站，站名更變為二林。,C1G700,
C0G740,大城,署屬自動站,24,120.320935,23.852487,彰化縣,大城鄉東城村中平路185號(大城鄉公所),2015-07-03,,,,
C0G770,福興,署屬自動站,15,120.437669,24.041289,彰化縣,福興鄉員鹿路二段270號(福興國中),2011-11-01,,於2024/01/08完成儀器汰換,,
C0G780,秀水,署屬自動站,27,120.503869,24.03405,彰化縣,秀水鄉安東村中山路257號(秀水國小),2011-11-01,,,,
C0G800,埔鹽,署屬自動站,15,120.431683,24.000394,彰化縣,埔鹽鄉永樂村永樂路600號(永樂國小),2011-11-01,,,,
C0G810,埔心,署屬自動站,26,120.525456,23.947633,彰化縣,埔心鄉舊館村員鹿路四段201號(舊館國小),2011-11-01,,,,
C0G820,田尾,署屬自動站,29,120.509389,23.901669,彰化縣,田尾鄉中正路二段101號(仁豐國小),2011-11-01,,,,
C0G830,埤頭,署屬自動站,27,120.452806,23.866003,彰化縣,埤頭鄉大湖村大湖路260號(大湖國小),2011-11-01,,,,
C0G860,社頭,署屬自動站,45,120.5862,23.897647,彰化縣,社頭鄉社斗路一段258號(社頭國小),2011-11-01,,,,
C0G880,二水,署屬自動站,92,120.6173,23.810742,彰化縣,二水鄉文化村119號(二水國小),2011-11-01,,,,
C0G890,伸港,署屬自動站,24,120.484403,24.148933,彰化縣,伸港鄉新港村和平路60號(新港國小),2011-11-01,,於2024/01/08完成儀器汰換,,
C0G900,線西,署屬自動站,20,120.443536,24.143358,彰化縣,線西鄉慶福路300號（彰濱工業區線西服務大樓內),2019-11-22,,於2024/01/08完成儀器汰換,,
C0G910,花壇,署屬自動站,42,120.549461,24.032076,彰化縣,花壇鄉彰員路2段580號（花壇國中內）,2019-12-20,,,,
C0G920,永靖,署屬自動站,42,120.547533,23.924703,彰化縣,永靖鄉瑚璉路230號（永靖鄉公所樓頂）,2022-01-04,,,,
C0G940,竹塘,署屬自動站,21,120.386764,23.848253,彰化縣,竹塘鄉東陽路二段123號（長安國小校園內）,2022-01-22,,,,
C0G950,防潮門,署屬自動站,23,120.4871,24.1835,彰化縣,伸港鄉全興村西全路167巷111之1號,2022-12-26,,,,
C0G960,福寶,署屬自動站,5,120.3814,24.0443,彰化縣,福興鄉,2022-12-26,,,,
C0G970,三豐,署屬自動站,19,120.2895,23.882,彰化縣,大城鄉三豐村和平路30之1號,2022-12-26,,,,
C0G9B0,和美,署屬自動站,26,120.492131,24.105169,彰化縣,和美鎮鹿和路六段115號,2025-02-05,,,,
C0H890,埔里,署屬自動站,440,120.952425,23.972169,南投縣,埔里鎮大城里大城路169號(南投縣立大成國民中學內),2016-01-01,,原大肚城(C1H890)站因擴充為氣象站，於2015/9/4升級為(C0H890)站，站名更變為埔里。,C1H890,
C0H960,草屯,署屬自動站,120,120.68085,23.973672,南投縣,草屯鎮中山里草鞋墩1街8號(草屯鎮公所樓頂),2011-11-01,,原(C1H960)站因擴充為氣象站，於2011/11/1升級為(C0H960)站。,C1H960,
C0H990,昆陽,署屬自動站,3076,121.273642,24.121322,南投縣,仁愛鄉昆陽警察局後方下坡處(太魯閣國家公園)石碑後20公尺,1992-07-01,,本站於2015/8/24起進行儀器汰換，並於2015/12/31完成驗收。,,
C0H9A0,神木村,署屬自動站,1595,120.843667,23.532742,南投縣,信義鄉神木村神木工作分站後方山坡上(對高岳營林區29林班地444號土地),1999-02-01,,本站於2015/9/21起進行儀器汰換，並於2015/12/31完成驗收。,,
C0H9C0,合歡山,署屬自動站,3402,121.272547,24.143442,南投縣,仁愛鄉(近合歡山三角點，由松雪樓開車約15分鐘，大甲溪事業區第81林班),2008-02-25,,原(C0F950)站因縣市代碼不符，於2008/2/25重新編碼為(C0H9C0)站。,C0F950,
C0I010,廬山,署屬自動站,1562,121.181808,24.033311,南投縣,仁愛鄉精英村富貴路67號前方200公尺(廬山電力公司瞭望台),1992-07-01,,本站於2015/7/30起進行儀器汰換，並於2015/12/31完成驗收。,,
C0I080,信義,署屬自動站,536,120.851036,23.689694,南投縣,信義鄉自強村綠美巷(內茅埔營林區23林班地),2016-01-01,,原(C1I080)站因擴充為氣象站，於2015/9/22升級為(C0I080)站。,C1I080,
C0I110,竹山,署屬自動站,161,120.688156,23.761225,南投縣,竹山鎮延和里向學街32號(竹山國民小學內),1992-07-01,,,,
C0I360,水里,署屬自動站,300,120.849792,23.812553,南投縣,水里鄉中山路一段515號(玉山國家公園管理處),2016-01-01,,,,
C0I370,魚池,署屬自動站,671,120.94135,23.895703,南投縣,魚池鄉東池村魚池街194號(魚池鄉衛生所),2016-01-01,,,,
C0I380,集集,署屬自動站,258,120.801467,23.828206,南投縣,集集鎮民生東路1號(農委會特有生物研究保育中心),2016-01-01,,,,
C0I390,仁愛,署屬自動站,1184,121.132206,24.022122,南投縣,仁愛鄉仁和路50號(台電公司仁愛服務所),2016-01-01,,,,
C0I410,名間,署屬自動站,180,120.701447,23.837053,南投縣,名間鄉董門巷2號(名間鄉立體停車場),2016-01-01,,,,
C0I420,國姓,署屬自動站,305,120.855072,24.037803,南投縣,國姓鄉民族街40號(國姓鄉老人文康活動中心),2016-01-01,,,,
C0I460,南投,署屬自動站,110,120.687331,23.911469,南投縣,南投市龍泉里玉井街5號(南投市公所樓頂),2015-09-21,,,,
C0I480,梅峰,署屬自動站,2165,121.173572,24.085272,南投縣,仁愛鄉大同村仁和路215號(梅峰農場),2016-01-01,,,,
C0I490,萬大林道,署屬自動站,1601,121.091411,23.928228,南投縣,仁愛鄉曲冰段(萬大林道約7.2k附近高地),2016-01-01,,,,
C0I520,玉山風口,署屬自動站,3860,120.955994,23.470489,南投縣,信義鄉(玉山主峰往北峰叉路空地附近),2016-07-15,,,,
C0I530,小奇萊,署屬自動站,3014,121.295717,24.131764,南投縣,仁愛鄉小奇萊步道指標1.5K處附近,2017-12-28,,,,
C0I540,奇萊稜線,署屬自動站,3344,121.326456,24.109231,南投縣,仁愛鄉奇萊連峰指標6.4K處(奇萊山屋附近),2017-12-28,,,,
C0K250,崙背,署屬自動站,12,120.318925,23.75555,雲林縣,崙背鄉阿勸村阿勸農場(阿勸段487號),2016-01-01,,原(C1K250)站因擴充為氣象站，於2015/6/8升級為(C0K250)站。,C1K250,
C0K280,四湖,署屬自動站,23,120.227125,23.630414,雲林縣,四湖鄉湖西村中正路766號(四湖國民中學內),1993-03-01,,本站於2015/7/18起進行儀器汰換，並於2015/12/31完成驗收。,,
C0K291,宜梧,署屬自動站,8,120.169329,23.536281,雲林縣,口湖鄉湖口村170號央廣口湖分台內(憲兵排樓頂),2010-09-27,,原(C0K290)站因觀測位置不佳，於2010/9/27更變為(C0K291)站。於2015/7/1遷移至原址鄰近旁建物樓頂並進行儀器汰換。,C0K290,
C0K330,虎尾,署屬自動站,38,120.442036,23.719183,雲林縣,虎尾鎮林森路一段64號(中正國民小學內),1993-03-01,,本站於2015/5/27起進行儀器汰換，並於2015/7/1完成驗收。,,
C0K390,土庫,署屬自動站,31,120.395574,23.679029,雲林縣,土庫鎮建國路41號(土庫消防分隊),2015-07-03,,,,
C0K400,斗六,署屬自動站,65,120.541127,23.720583,雲林縣,斗六市鎮北路345-1號(斗六消防分隊),2015-07-03,,,,
C0K410,北港,署屬自動站,20,120.292802,23.573957,雲林縣,北港鎮大同路565號(北港消防分隊),2015-07-03,,,,
C0K420,西螺,署屬自動站,42,120.467394,23.800407,雲林縣,西螺鎮公正路211號(西螺消防分隊),2015-07-03,,,,
C0K430,褒忠,署屬自動站,30,120.303634,23.690938,雲林縣,褒忠鄉中正路451號(褒忠鄉公所),2015-07-03,,,,
C0K440,二崙,署屬自動站,35,120.408944,23.772797,雲林縣,二崙鄉中正路80號(二崙消防分隊),2016-01-01,,,,
C0K450,大埤,署屬自動站,35,120.431537,23.646074,雲林縣,大埤鄉中山路8號(大埤鄉公所),2015-07-03,,,,
C0K460,斗南,署屬自動站,60,120.478359,23.678734,雲林縣,斗南鎮延平路二段266號(斗南鎮停一立體停車場),2015-07-03,,,,
C0K470,林內,署屬自動站,97,120.609642,23.748675,雲林縣,林內鄉中正路685號(林內消防分隊),2016-01-01,,,,
C0K480,莿桐,署屬自動站,56,120.502372,23.761192,雲林縣,莿桐鄉和平路53號(莿桐鄉公所),2016-01-01,,,,
C0K500,元長,署屬自動站,12,120.315024,23.64981,雲林縣,元長鄉長南村仁愛街2號(元長鄉公所),2015-07-03,,,,
C0K510,水林,署屬自動站,10,120.24597,23.572924,雲林縣,水林鄉水北村水林路12號(水林鄉公所),2015-07-03,,,,
C0K530,臺西,署屬自動站,12,120.197559,23.701547,雲林縣,台西鄉中山路110巷38號(臺西消防分隊),2015-07-03,,,,
C0K550,蔦松,署屬自動站,15,120.229736,23.514319,雲林縣,水林鄉松中村蔦松路213號(蔦松國小),2016-01-01,,,,
C0K560,棋山,署屬自動站,117,120.603417,23.68645,雲林縣,古坑鄉棋盤村棋山49號(棋山國小),2016-01-01,,,,
C0K580,高鐵雲林,署屬自動站,26,120.417944,23.737456,雲林縣,虎尾鎮站前東路301號(高鐵雲林站外),2017-08-01,,,,
C0K590,雲林東勢,署屬自動站,18,120.255721,23.674192,雲林縣,東勢鄉東榮路29巷1號(東勢鄉圖書館樓頂),2022-03-22,,,,
C0K600,箔子寮,署屬自動站,14,120.14,23.6197,雲林縣,口湖鄉漁港路370號,2022-12-26,,,,
C0M520,東後寮,署屬自動站,15,120.248065,23.369908,嘉義縣,義竹鄉東光村7號(台糖東後寮農場),2015-07-03,,原(C1M520)站因擴充為氣象站，於2015/7/1升級為(C0M520)站。,C1M520,
C0M530,奮起湖,署屬自動站,1385,120.699253,23.493903,嘉義縣,竹崎鄉阿里山事業區148林班地(中興苗圃內),1993-03-01,,本站於2015/7/7起進行儀器汰換，並於2015/12/31完成驗收。,,
C0M640,中埔,署屬自動站,155,120.5229,23.42538,嘉義縣,中埔鄉中埔村128號(中埔鄉公所),2015-07-03,,,,
C0M650,朴子,署屬自動站,20,120.23902,23.43463,嘉義縣,朴子市竹村里36號(竹村國小),2015-07-03,,,,
C0M660,溪口,署屬自動站,40,120.403569,23.604131,嘉義縣,溪口鄉中正東路103號(溪口國中學生活動中心),2015-07-03,,,,
C0M670,大林,署屬自動站,43,120.45841,23.600616,嘉義縣,大林鎮新興街110號(大林地政事務所),2015-07-03,,,,
C0M680,太保,署屬自動站,37,120.331455,23.455062,嘉義縣,太保市太保里31號(太保市圖書館),2015-07-03,,,,
C0M690,水上,署屬自動站,33,120.388909,23.419734,嘉義縣,水上鄉三鎮村三鎮路119號(水上消防分隊),2015-07-03,,,,
C0M700,竹崎,署屬自動站,150,120.555508,23.526178,嘉義縣,竹崎鄉竹崎村舊車站79號(竹崎消防分隊),2015-07-03,,,,
C0M710,東石,署屬自動站,15,120.15385,23.458927,嘉義縣,東石鄉東石村3號(東石鄉公所),2015-07-03,,,,
C0M720,番路,署屬自動站,225,120.554156,23.464657,嘉義縣,番路鄉下坑村蔡公店101號(番路鄉公所),2015-07-03,,,,
C0M730,嘉義市東區,署屬自動站,40,120.460531,23.457673,嘉義市,親水路123 號(第五河川局水情中心),2015-07-03,,,,
C0M740,六腳,署屬自動站,15,120.290625,23.492871,嘉義縣,六腳鄉蒜頭村73-2號(六腳消防分隊),2015-07-03,,,,
C0M750,布袋,署屬自動站,10,120.167789,23.380878,嘉義縣,布袋鎮龍江里2-2號(布袋消防分隊),2015-07-03,,,,
C0M760,民雄,署屬自動站,40,120.428457,23.551754,嘉義縣,民雄鄉文化路7號(民雄鄉公所),2015-07-03,,,,
C0M770,嘉義梅山,署屬自動站,164,120.555587,23.585398,嘉義縣,梅山鄉中山路282號(梅山鄉公所),2015-07-03,,,,
C0M780,鹿草,署屬自動站,30,120.30835,23.41134,嘉義縣,鹿草鄉西井村287號(鹿草鄉公所),2015-07-03,,,,
C0M790,新港,署屬自動站,15,120.345728,23.553269,嘉義縣,新港鄉公園路28號(新港消防分隊),2015-07-03,,,,
C0M800,茶山,署屬自動站,440,120.664767,23.299075,嘉義縣,阿里山鄉茶山路62號之1(茶山村衛生室),2016-01-01,,,,
C0M810,里佳,署屬自動站,1354,120.716647,23.389125,嘉義縣,阿里山鄉里佳村,2016-01-01,,,,
C0M820,達邦,署屬自動站,980,120.749517,23.453994,嘉義縣,阿里山鄉達邦村21號(鄒族自然與文化中心),2016-01-01,,,,
C0M850,表湖,署屬自動站,695,120.64166,23.24186,嘉義縣,大埔鄉溪頭段1地號,2018-02-14,,,,
C0M860,新美,署屬自動站,578,120.683169,23.338017,嘉義縣,阿里山鄉新美村78號,2020-03-31,,,,
C0M880,好美里,署屬自動站,27,120.138,23.3364,嘉義縣,布袋鎮好美里106號,2022-12-26,,,,
C0N010,鯤鯓國小,署屬自動站,19,120.0889,23.1879,臺南市,將軍區6號,2022-12-26,,,,
C0N020,城西,署屬自動站,27,120.0956,23.0568,臺南市,安南區城西街三段431號,2022-12-26,,,,
C0N030,四草,署屬自動站,2,120.1116,23.0235,臺南市,安南區,2022-12-26,,,,
C0N040,蘆竹溝,署屬自動站,22,120.0961,23.2344,臺南市,北門區蘆竹溝333之11號,2022-12-26,,,,
C0N050,蚵寮,署屬自動站,37,120.1104,23.301,臺南市,北門區保吉里雙春里8鄰73-20號,2022-12-26,,,,
C0O830,北寮,署屬自動站,127,120.495008,23.079561,臺南市,南化區北寮里48-4號,2013-04-18,,原(C1O830)站因擴充為氣象站，於2013/4/18升級為(C0O830)站。,C1O830,
C0O840,王爺宮,署屬自動站,134,120.40085,23.222064,臺南市,六甲區王爺里24號（六甲國小湖東分校）,2013-12-01,,原(C1O840)站因觀測條件不佳及擴充為氣象站，於2013/12/1升級為(C0O840)站。,C1O840,
C0O860,大內,署屬自動站,38,120.36083,23.11885,臺南市,大內區74201大內里63號(大內國民小學),2013-08-01,,原(C1O860)站因擴充為氣象站，於2013/8/1升級為(C0O860)站。,C1O860,
C0O900,善化,署屬自動站,9,120.297219,23.112883,臺南市,善化區益民寮60號(亞洲蔬菜研究發展中心內),1988-12-01,,本站於 2013/5/11 進行儀器汰換，並於2013/8/1完成驗收。,,
C0O960,崎頂,署屬自動站,112,120.369317,22.959547,臺南市,龍崎區中坑里5鄰13號,2013-04-18,,原(C1O960)站因擴充為氣象站，於2013/4/18升級為(C0O960)站。,C1O960,
C0O970,虎頭埤,署屬自動站,71,120.347878,23.021375,臺南市,新化區口埤18號(新化分場),2013-08-01,,原(C1O970)站因擴充為氣象站，於2013/8/1升級為(C0O970)站。,C1O970,
C0O980,新市,署屬自動站,18,120.298197,23.061614,臺南市,新市區永就里53號(番子寮農場),2013-08-01,,原(C1O980)站因擴充為氣象站，於2013/8/1升級為(C0O980)站。,C1O980,
C0O990,媽廟,署屬自動站,18,120.293525,22.99175,臺南市,歸仁區中正北路3段60號(保西國民小學內),2013-12-01,,原(C1O990)站因擴充為氣象站，於2013/12/1升級為(C0O990)站。,C1O990,
C0R100,尾寮山,署屬自動站,1006,120.683889,22.833111,屏東縣,三地門鄉口社檢查站車程約2小時(尾寮山瞭望台旁),1992-05-01,,本站於2013/10/10進行儀器汰換，並於2013/12/1完成驗收。,,
C0R130,阿禮,署屬自動站,1040,120.743678,22.742908,屏東縣,霧台鄉(屏東事業區第46林班)由山地文化村開車約2小時需徒步轉波站前面,2013-08-01,,原(C1R130)站因擴充為氣象站，於2013/8/1升級為(C0R130)站。,C1R130,
C0R140,瑪家,署屬自動站,740,120.686639,22.682903,屏東縣,瑪家鄉瑪家村4鄰24號(後山),2013-08-01,,原(C1R140)站因擴充為氣象站，於2013/8/1升級為(C0R140)站。,C1R140,
C0R150,三地門,署屬自動站,105,120.639944,22.709889,屏東縣,內埔鄉水門村成功路83號(國立內埔高級農工職業學校內),1992-05-01,,本站於2013/9/10進行儀器汰換，並於2013/12/1完成驗收。,,
C0R160,鹽埔,署屬自動站,45,120.530778,22.739558,屏東縣,鹽埔鄉七份路21號(彭厝國小),2013-12-01,,原(C1R160)站於2013/12/1變更為(C0R160)站。,C1R160,
C0R190,赤山,署屬自動站,32,120.614306,22.592333,屏東縣,萬巒鄉建興路40號（赤山國小）,2013-12-01,,原(C1R190)站因觀測環境不佳，於2013/12/1遷移至(C0R190)站。,C1R190,
C0R220,潮州,署屬自動站,23,120.54,22.534361,屏東縣,潮州鎮光春路290號(屏東縣立光春國民中學內),1992-05-01,,本站於2013/9/10進行儀器汰換，並於2013/12/1完成驗收。,,
C0R240,來義,署屬自動站,87,120.625111,22.527306,屏東縣,萬巒鄉新隆路64號萬巒農場（佳佐段180號）,2013-12-01,,原(C1R240)站因擴充為氣象站，於2013/12/1升級為(C0R240)站。,C1R240,
C0R260,春日,署屬自動站,76,120.628306,22.370361,屏東縣,春日鄉鄉公所資源回收場旁,2013-12-01,,原(C1R260)站因擴充為氣象站，於2013/12/1升級為(C0R260)站。,C1R260,
C0R270,琉球嶼,署屬自動站,51,120.362236,22.332244,屏東縣,琉球鄉天台段596及597地號,1997-07-01,,本站於2013/9/26進行儀器汰換，並於2013/12/1完成驗收。,,
C0R280,檳榔,署屬自動站,242,120.836777,22.076078,屏東縣,滿州鄉長樂村大公路14號(往南仁山方向),1997-07-01,,本站於2019/09/19進行儀器汰換，於2019/11/28完成驗收。,,
C0R320,車城,署屬自動站,7,120.716247,22.0744,屏東縣,車城鄉福興村中山路66號(車城國小),2019-11-28,,因擴充氣象站，原氣象站(C1R320)，於2019/11/28升級為氣象站，變更站碼為(C0R320)。,C1R320,
C0R341,牡丹,署屬自動站,230,120.792639,22.130036,屏東縣,199縣道23K-23.5K間車城往旭海方向之右側,2019-11-28,,因擴充氣象站，原氣象站(C1R340)，於2019/11/28升級為氣象站，變更站碼為(C0R341)。,C1R340,
C0R350,貓鼻頭,署屬自動站,35,120.7358,21.921774,屏東縣,恆春鎮(貓鼻頭風景區內),1997-07-01,,本站於2019/08/30進行儀器汰換，於2019/11/28完成驗收。,,
C0R440,大漢山,署屬自動站,1654,120.753181,22.405264,屏東縣,春日鄉大漢山頂,2019-11-28,,因擴充氣象站，原氣象站(C1R440)，於2019/11/28升級為氣象站，變更站碼為(C0R440)。,C1R440,
C0R470,高樹,署屬自動站,103,120.600806,22.826389,屏東縣,高樹鄉興中路330號(高樹圖書館),2013-08-01,,,,
C0R480,長治,署屬自動站,57,120.542622,22.693128,屏東縣,長治鄉德成村中興路572-1號(長治消防分隊),2013-08-01,,,,
C0R490,九如,署屬自動站,49,120.490503,22.7405,屏東縣,九如鄉九如路二段416號(九如鄉公所),2013-08-01,,,,
C0R520,崁頂,署屬自動站,18,120.506914,22.514781,屏東縣,崁頂鄉崁頂村興農路29-10號(崁頂消防分隊),2013-08-01,,,,
C0R540,佳冬,署屬自動站,17,120.552375,22.419456,屏東縣,佳冬鄉佳昌路2號(佳冬鄉公所),2013-08-01,,,,
C0R550,新埤,署屬自動站,38,120.582894,22.467947,屏東縣,新埤鄉民眾路103號(新埤消防分隊),2013-08-01,,,,
C0R560,新園,署屬自動站,22,120.461558,22.5434,屏東縣,新園鄉仙吉村店口路116號(新園消防分隊),2013-08-01,,,,
C0R570,麟洛,署屬自動站,37,120.52719,22.65078,屏東縣,麟洛鄉中山路158號(麟洛鄉公所),2013-12-01,,,,
C0R580,南州,署屬自動站,10,120.50274,22.48591,屏東縣,南州鄉溪南村人和路241號(南州消防分隊),2013-08-01,,,,
C0R590,里港,署屬自動站,72,120.49459,22.77919,屏東縣,里港鄉永春村中山路104號(里港鄉公所),2013-08-01,,,,
C0R600,舊泰武,署屬自動站,766,120.664944,22.588194,屏東縣,泰武鄉泰武村良武巷101號(舊泰武村老人活動中心),2013-12-01,,,,
C0R620,墾雷,署屬自動站,34,120.855269,21.900836,屏東縣,恆春鎮燈塔路51巷33號(氣象署墾丁雷達站區內),2016-06-22,,本站於2019/08/31進行儀器汰換，於2019/11/28完成驗收。,,
C0R640,東港,署屬自動站,21,120.44074,22.46247,屏東縣,東港鎮豐漁里豐漁街67號（水產試驗所東港生技研究中心）,2018-08-11,,,,
C0R650,竹田,署屬自動站,29,120.54344,22.58486,屏東縣,竹田鄉中正路123號(竹田鄉公所清潔隊),2018-08-11,,,,
C0R660,枋寮,署屬自動站,20,120.590647,22.367722,屏東縣,枋寮鄉枋寮村德興路197號(枋寮國小),2019-11-28,,,,
C0R670,楓港,署屬自動站,26,120.692156,22.190131,屏東縣,枋山鄉善餘村光復路24號(楓港國小),2019-11-28,,,,
C0R680,佳樂水,署屬自動站,13,120.861633,21.993578,屏東縣,滿州鄉佳樂水風景區內,2019-11-28,,,,
C0R690,墾丁,署屬自動站,348,120.810269,21.966756,屏東縣,恆春鎮墾丁森林遊樂區林業試驗所觀測坪,2019-11-28,,,,
C0R700,枋山,署屬自動站,19,120.661086,22.246844,屏東縣,枋山鄉中山路三段52號(加祿國小),2019-11-28,,,,
C0R710,龍磐,署屬自動站,117,120.838942,21.931672,屏東縣,恆春助航台(NDB歸航台),2020-04-09,,,,
C0R720,旭海,署屬自動站,214,120.887614,22.205403,屏東縣,牡丹鄉旭海大草原步道旁,2019-11-28,,,,
C0R730,大坪頂,署屬自動站,163,120.69355,22.024633,屏東縣,恆春鎮大坪頂電信機房旁,2020-04-09,,,,
C0R741,獅子,署屬自動站,72,120.705236,22.202308,屏東縣,獅子鄉楓林村楓林四巷28號（獅子鄉圖書館）,2025-01-20,,原(C0R740)站因移位，於2025/01/20變更為(C0R741)站。,C0R740,
C0R750,四林格山,署屬自動站,551,120.802439,22.076989,屏東縣,牡丹鄉四林格山遊樂區第2涼亭旁大草原,2020-04-09,,,,
C0R760,南仁湖,署屬自動站,336,120.863353,22.084681,屏東縣,滿州鄉南仁湖步道4K山頂觀測站旁,2020-04-09,,,,
C0R770,保力,署屬自動站,93,120.764111,22.071122,屏東縣,車城鄉保力村竹社路5號,2020-04-09,,,,
C0R780,滿州,署屬自動站,72,120.839892,22.024403,屏東縣,滿州鄉文化路32號,2020-04-09,,,,
C0R790,九棚,署屬自動站,111,120.889281,22.14195,屏東縣,牡丹鄉九棚中科院基地,2020-04-09,,,,
C0R800,丹路,署屬自動站,131,120.750989,22.204481,屏東縣,獅子鄉丹路一巷1號,2020-04-09,,,,
C0R810,內獅,署屬自動站,25,120.642986,22.305064,屏東縣,獅子鄉內獅村1號(內獅國小),2020-04-09,,,,
C0R820,白鷺,署屬自動站,588,120.666219,22.454275,屏東縣,來義鄉白鷺大橋沿白鷺道路5.5公里處,2020-04-09,,,,
C0R830,高士,署屬自動站,383,120.836781,22.121825,屏東縣,牡丹鄉高士社區進水廠水塔頂,2020-04-09,,,,
C0R840,牡丹池山,署屬自動站,536,120.841225,22.168389,屏東縣,牡丹鄉牡丹池山山頂,2020-04-09,,,,
C0R850,林邊,署屬自動站,16,120.5339,22.4634,屏東縣,林邊鄉竹林村中興路122號,2022-12-26,,,,
C0R860,鼻頭,署屬自動站,31,120.8979,22.1043,屏東縣,滿州鄉九棚村,2022-12-26,,,,
C0R870,興海,署屬自動站,13,120.8439,21.9752,屏東縣,滿州鄉港口村13鄰興海路106號,2022-12-26,,,,
C0R880,後壁湖,署屬自動站,13,120.7457,21.9457,屏東縣,恆春鎮大光里9鄰大光路79之40號,2022-12-26,,,,
C0R890,山海,署屬自動站,33,120.7091,21.9878,屏東縣,恆春鎮山海里山海路2之1號,2022-12-26,,,,
C0R900,竹坑,署屬自動站,30,120.7022,22.1385,屏東縣,車城鄉海口村尖山46號,2022-12-26,,,,
C0R910,下寮,署屬自動站,8,120.5548,22.3929,屏東縣,枋寮鄉德聖路47號,2022-12-26,,,,
C0R920,塭仔,署屬自動站,19,120.5197,22.4169,屏東縣,佳冬鄉焰溫村炯興路51號,2022-12-26,,,,
C0R930,萬丹,署屬自動站,18,120.4851,22.5885,屏東縣,萬丹鄉和平西路149號（萬丹消防分隊樓頂）,2023-03-14,,原(C0R510)站因移位，於2023/03/14變更為(C0R930)站。,C0R510,
C0R940,加祿堂,署屬自動站,24,120.6217,22.3363,屏東縣,枋山鄉加祿村190之300號,2022-12-26,,原(C0E940)站因縣市代碼不符，於2023/01/04重新編碼為為(C0R940)站。,,
C0R950,萬隆國小,署屬自動站,51,120.587817,22.507667,屏東縣,新埤鄉中山路126號,2025-02-05,,,,
C0R960,內埔,署屬自動站,58,120.570714,22.608483,屏東縣,內埔鄉南華路1號,2025-02-05,,,,
C0S660,下馬,署屬自動站,794,121.070312,23.150427,臺東縣,海端鄉廢棄下馬派出所旁,2019-06-07,,原(C1S660)站因擴充為氣象站，於2019/6/7升級為(C0S660)站。,C1S660,
C0S690,太麻里,署屬自動站,522,120.98533,22.60902,臺東縣,太麻里鄉(往金針山茶區之半路上),1997-07-01,,本站於2019/3/5起進行儀器汰換，於2019/6/7完成驗收。,,
C0S700,知本,署屬自動站,507,121.005642,22.684866,臺東縣,卑南鄉溫泉村(溫泉國小之樂山分校內),1997-07-01,,本站於2019/2/23進行儀器汰換，於2019/6/7完成驗收。,,
C0S710,鹿野,署屬自動站,382,121.122994,22.917711,臺東縣,鹿野鄉鹿野高台高眺亭公廁東側草地上,1997-07-01,,於2015/1/1短距離位移。本站於2019/3/20起進行儀器汰換，於2019/6/7完成驗收。,,
C0S730,綠島,署屬自動站,110,121.47533,22.6672,臺東縣,綠島鄉,1997-07-01,,本站於2019/3/25起進行儀器汰換，於2019/6/7完成驗收。,,
C0S740,池上,署屬自動站,289,121.209469,23.119628,臺東縣,池上鄉新興村104號(退輔會臺東農場內),1997-07-01,,本站於2019/3/22起進行儀器汰換，於2019/6/7完成驗收。,,
C0S750,向陽,署屬自動站,2280,120.986133,23.248397,臺東縣,海端鄉向陽(公路局向陽工務段圍牆內),1997-07-01,,本站於2019/4/16起進行儀器汰換，於2019/6/7完成驗收。,,
C0S760,紅石,署屬自動站,1621,121.126219,23.069131,臺東縣,海端鄉紅石(紅石瞭望臺旁),1997-07-01,,本站於2019/4/14起進行儀器汰換，於2019/6/7完成驗收。,,
C0S770,大溪山,署屬自動站,375,120.943325,22.478475,臺東縣,太麻里鄉多良村(廢棄中華電信轉播站旁),1997-07-01,,本站於2019/3/8起進行儀器汰換，於2019/6/7完成驗收。,,
C0S790,金崙,署屬自動站,236,120.966875,22.538122,臺東縣,太麻里鄉金崙段0304-1地號,2004-06-01,,本站於2019/2/26起進行儀器汰換，於2019/6/7完成驗收。,,
C0S810,東河,署屬自動站,65,121.303986,22.972672,臺東縣,東河鄉北東河17鄰26號(東河國民小學操場旁),2004-06-01,,原(C1S640)站因擴充為氣象站，於2004/6/1升級為(C0S810)站。本站於2019/3/31起進行儀器汰換，於2019/6/7完成驗收。,C1S640,
C0S830,長濱,署屬自動站,288,121.411975,23.286817,臺東縣,長濱鄉竹湖村移民橋後方山頂三角點旁,2004-06-01,,原(C1S650)站因擴充為氣象站，於2004/6/1升級為(C0S830)站。本站於2019/3/30起進行儀器汰換，於2019/6/7完成驗收。,C1S650,
C0S840,南田,署屬自動站,22,120.889208,22.279725,臺東縣,達仁鄉南田村南田風景區公園對面,2004-06-01,,本站於2019/3/13起進行儀器汰換，於2019/6/7完成驗收。,,
C0S890,關山,署屬自動站,238,121.175017,23.0395,臺東縣,關山鎮親水公園內,2016-01-01,,本站於2019/3/21起進行儀器汰換，於2019/6/7完成驗收。,,
C0S900,蘭嶼高中,署屬自動站,27,121.51214,22.04909,臺東縣,蘭嶼鄉椰油村37號（蘭嶼高中內）,2018-10-26,,,,
C0S910,蘭嶼燈塔,署屬自動站,212,121.503117,22.081197,臺東縣,蘭嶼鄉椰油段1-7地號（蘭嶼燈塔旁）,2018-10-26,,,,
C0S920,金峰嘉蘭,署屬自動站,133,120.960825,22.594789,臺東縣,金峰鄉嘉蘭村12鄰665號(金峰鄉嘉蘭村活動中心),2019-07-05,,,,
C0S930,延平,署屬自動站,248,121.084058,22.902581,臺東縣,延平鄉昇平路75號(延平消防分隊),2019-07-05,,,,
C0S940,石寧山,署屬自動站,150,121.406639,23.223772,臺東縣,長濱鄉寧埔村石寧山附近山區,2019-07-05,,,,
C0S950,七塊厝,署屬自動站,415,121.229922,22.954453,臺東縣,東河鄉尚德村七塊厝產業道路附近山區,2019-07-05,,,,
C0S960,香蘭,署屬自動站,32,120.993375,22.587569,臺東縣,太麻里鄉香蘭村四鄰28號 (香蘭國小),2019-11-28,,,,
C0S970,加津林,署屬自動站,19,120.926942,22.416211,臺東縣,大武鄉大竹村14鄰加津林4號(舊高溪派出所),2019-07-05,,,,
C0S980,勝林山,署屬自動站,903,120.8938,22.430439,臺東縣,達仁鄉勝林山山頂停機坪旁(與大武鄉交界附近),2019-07-05,,,,
C0S990,山豬窟,署屬自動站,409,120.857372,22.318619,臺東縣,大武鄉南興村山豬窟產業道路附近山區(梅園涼亭旁),2019-07-05,,,,
C0SA00,歷坵,署屬自動站,466,120.89185,22.520969,臺東縣,金峰鄉歷坵產業道路附近山區,2019-07-05,,,,
C0SA10,檳榔四格山,署屬自動站,411,121.109308,22.810031,臺東縣,卑南鄉檳榔四格山山頂瞭望臺旁,2019-07-05,,,,
C0SA20,金崙山,署屬自動站,857,120.959667,22.567419,臺東縣,太麻里鄉富山產業道路附近山區(與金峰鄉交界附近),2019-07-05,,,,
C0SA30,都歷,署屬自動站,93,121.323642,23.020333,臺東縣,成功鎮新村路25號(東部海岸國家風景區管理處),2019-07-05,,,,
C0SA40,瑞和,署屬自動站,200,121.156697,22.974361,臺東縣,鹿野鄉瑞和村瑞景路3段1號(瑞源國中),2019-07-05,,,,
C0SA60,知本（水試所）,署屬自動站,11,121.082761,22.702394,臺東縣,臺東市知本路2段291巷299號,2020-04-09,,,,
C0SA80,土坂,署屬自動站,136,120.887572,22.453108,臺東縣,達仁鄉土坂村1鄰10號(土坂國民小學操場旁),2019-06-07,,原(C1S620)站因擴充為氣象站，於2019/3/23升級為(C0SA80)站。,C1S620,
C0SA90,達仁林場,署屬自動站,497,120.823972,22.264347,臺東縣,達仁鄉臺東達五號農路4K處,2020-04-09,,,,
C0SB10,美和,署屬自動站,28,121.060236,22.682078,臺東縣,太麻里鄉美和村3鄰28-1號,2025-02-05,,,,
C0SB20,富岡,署屬自動站,29,121.192669,22.792467,臺東縣,臺東市富岡街299號,2025-02-05,,,,
C0SB30,新蘭,署屬自動站,60,121.223228,22.869214,臺東縣,東河鄉都蘭村都蘭24之13號,2025-02-05,,,,
C0SB40,興隆,署屬自動站,65,121.257469,22.913661,臺東縣,東河鄉興昌村29鄰28號,2025-02-05,,,,
C0SB50,叭嗡嗡,署屬自動站,7,121.343223,23.047062,臺東縣,成功鎮豐田路3號,2025-02-05,,,,
C0SB60,白守蓮,署屬自動站,20,121.401914,23.126769,臺東縣,成功鎮白蓮路43號,2025-02-05,,,,
C0SB70,小港漁港,署屬自動站,28,121.400431,23.158558,臺東縣,成功鎮成廣路9號,2025-02-05,,,,
C0SB80,長濱漁港,署屬自動站,53,121.459994,23.313644,臺東縣,長濱鄉長濱村15鄰181-2號,2025-02-05,,,,
C0T790,大禹嶺,署屬自動站,2830,121.316086,24.186117,花蓮縣,秀林鄉立霧溪事業區67林班地(救國團大禹山莊),1996-01-01,,,,
C0T820,天祥,署屬自動站,550,121.495639,24.179597,花蓮縣,秀林鄉立霧溪事業區80林班地(天祥祥德寺),1996-01-01,,本站於2017/9/23起進行儀器汰換，於2017/12/1完成驗收。,,
C0T870,鯉魚潭,署屬自動站,135,121.508944,23.935639,花蓮縣,壽豐鄉池南村池南路一段8號(鯉魚潭風景區旁),1996-01-01,,本站於2017/4/7起進行儀器汰換，於2017/6/3完成驗收。,,
C0T900,西林,署屬自動站,160,121.441458,23.8119,花蓮縣,萬榮鄉西林路8鄰114號(西林國民小學運動場旁),2010-07-01,,原(C1T900)站因擴充為氣象站，於2010/7/1升級為(C0T900)站，2017/4/14起進行儀器汰換，於2017/6/3完成驗收。,C1T900,
C0T960,光復,署屬自動站,120,121.424964,23.660694,花蓮縣,光復鄉大進村糖廠街19號(台糖公司花蓮光復糖廠內),1996-01-01,,本站於2017/5/3起進行儀器汰換，於2017/6/3完成驗收。,,
C0T9A0,月眉山,署屬自動站,498,121.539828,23.809928,花蓮縣,壽豐鄉月眉山旁的小山丘上(過米棧大橋往山上水璉方向至四號橋左轉之山上),2000-10-01,,本站於2017/5/11起進行儀器汰換，於2017/6/3完成驗收。,,
C0T9B0,水源,署屬自動站,558,121.537169,23.991861,花蓮縣,秀林鄉原林務局水源段的苗圃內,2000-10-01,,本站於2017/3/27起進行儀器汰換，於2017/6/3完成驗收。,,
C0T9D0,和中,署屬自動站,8,121.74103,24.26676,花蓮縣,秀林鄉秀林村62號(和平國小和中分校校園內),2004-06-01,,本站於2017/10/12進行儀器汰換及短距離移位，於2017/12/1完成驗收。,,
C0T9E0,大坑,署屬自動站,415,121.581981,23.880628,花蓮縣,壽豐鄉10鄰山嶺80之1號(中華電信公司賀田山機房)旁,2004-06-01,,本站於2017/4/20起進行儀器汰換，於2017/6/3完成驗收。,,
C0T9F0,水璉,署屬自動站,251,121.542514,23.797131,花蓮縣,壽豐鄉水璉村,2004-06-01,,本站於2017/4/27起進行儀器汰換，於2017/6/3完成驗收。,,
C0T9G0,鳳林山,署屬自動站,605,121.420131,23.735269,花蓮縣,鳳林鎮,2004-06-01,,本站於2017/4/6起進行儀器汰換，於2017/6/3完成驗收。,,
C0T9H0,加路蘭山,署屬自動站,725,121.5274,23.682947,花蓮縣,豐濱鄉臨海段776-4號,2004-06-01,,本站於2017/4/19起進行儀器汰換，於2017/6/3完成驗收。,,
C0T9I0,豐濱,署屬自動站,152,121.514806,23.583897,花蓮縣,豐濱鄉豐濱村,2004-06-01,,本站於2017/4/25起進行儀器汰換，於2017/6/3完成驗收。,,
C0T9M0,靜浦,署屬自動站,92,121.495028,23.455167,花蓮縣,豐濱鄉靜浦村活動中心後山上,1997-07-01,,原(C0S720)站因縣市代碼不符，於2008/2/25重新編碼為(C0T9M0)站。本站於2019/4/9起進行儀器汰換，於2019/6/7完成驗收。,C0S720,
C0T9N0,富里,署屬自動站,261,121.249378,23.171639,花蓮縣,富里鄉永安街52號(富里國小),2019-07-05,,,,
C0TA10,花蓮漁港,署屬自動站,17,121.638331,23.995322,花蓮縣,花蓮市港濱路41之1號,2025-02-05,,,,
C0TA20,加灣,署屬自動站,45,121.608944,24.082025,花蓮縣,秀林鄉景美村加灣128-6號,2025-02-05,,,,
C0TA30,鹽寮,署屬自動站,11,121.592664,23.845606,花蓮縣,壽豐鄉鹽寮村,2025-02-24,,,,
C0TA40,秀林,署屬自動站,930,121.731144,24.302864,花蓮縣,秀林鄉和平村,2025-06-13,,,,
C0TA50,和仁,署屬自動站,3,121.712472,24.241394,花蓮縣,秀林鄉和平村和仁71號,2025-06-13,,,,
C0TA80,立霧山,署屬自動站,1108,121.641899,24.183258,花蓮縣,秀林鄉富世村352號,2025-06-30,,,,
C0U520,雙連埤,署屬自動站,517,121.641303,24.753033,宜蘭縣,員山鄉雙連埤地區(需徒步20分鐘),2010-07-01,,原(C1U521)站因擴充為氣象站，於2010/7/1升級為(C0U520)站，於2017/12/26進行儀器汰換，於2018/3/23完成驗收。,C1U521,
C0U600,礁溪,署屬自動站,10,121.765608,24.817539,宜蘭縣,礁溪鄉礁溪路四段23號(礁溪國民中學教室後宿舍旁),1996-01-01,,本站於2017/11/9進行儀器汰換，於2018/3/23完成驗收。,,
C0U650,玉蘭,署屬自動站,442,121.587061,24.675286,宜蘭縣,大同鄉松羅村鹿場路11號(往松羅山頂瞭望亭旁),1996-01-01,,本站於2017/10/9進行儀器汰換，於2017/12/1完成驗收。,,
C0U710,太平山,署屬自動站,1942,121.525656,24.505486,宜蘭縣,大同鄉太平山93林班地(林務局路標22.3k處),1996-01-01,,本站於2017/12/13進行儀器汰換，於2018/3/23完成驗收。,,
C0U720,南山,署屬自動站,1260,121.38167,24.43742,宜蘭縣,大同鄉南山村4鄰埤南巷31-3號(南山國民小學內),2018-03-23,,原(C1U720)站因擴充為氣象站，於2018/3/23升級為(C0U720)站。,C1U720,
C0U750,龜山島,署屬自動站,398,121.953133,24.841667,宜蘭縣,頭城鎮龜山島山頂401高地觀景台,2002-09-13,,本站為觀光局所設，交由本署管理。本站於2017/11/24進行儀器汰換，於2018/3/23完成驗收。,,
C0U760,東澳,署屬自動站,22,121.83318,24.52196,宜蘭縣,南澳鄉東岳村蘇花路三段209號(東澳國小校園內),2004-06-01,,本站於2017/12/19進行儀器汰換，於2018/3/23完成驗收。,,
C0U770,南澳,署屬自動站,5,121.81022,24.44935,宜蘭縣,南澳鄉中央氣象署地震中心系統維護課之南澳地震站,2005-10-01,,本站於2017/10/27進行儀器汰換，於2017/12/1完成驗收。,,
C0U780,五結,署屬自動站,15,121.79794,24.68637,宜蘭縣,五結鄉五結中路二段88號(五結國小),2010-07-01,,本站於2017/10/13進行儀器汰換，於2017/12/1完成驗收。,,
C0U860,頭城,署屬自動站,5,121.8308,24.85323,宜蘭縣,頭城鎮協天路468號(中華電信頭城海纜站內),2017-12-01,,原(C1U860)站因移位升氣，於2017/12/1變更為(C0U860)站。,C1U860,
C0U870,大礁溪,署屬自動站,474,121.675047,24.791042,宜蘭縣,礁溪鄉二結村一鄰9-1號(國立宜蘭大學實驗林場),2017-12-01,,原(C1U610)站因移位升氣，於2017/12/1變更為(C0U870)站。,,
C0U880,北關,署屬自動站,2,121.8734,24.9072,宜蘭縣,頭城鎮濱海路三段(北關梗枋漁港北側路邊),2022-09-19,,原(C1U880)站因擴充為氣象站，於2022/9/19升級為(C0U880)站。,C1U880,
C0U890,三星,署屬自動站,116,121.65302,24.66812,宜蘭縣,三星鄉月眉街54號(三星國中),2017-12-01,,原(C1U660)站因移位升氣，於2017/12/1變更為(C0U890)站。,C1U660,
C0U900,內城,署屬自動站,63,121.68766,24.71813,宜蘭縣,員山鄉內城路545號(內城國民中小學),2017-12-01,,原(C1U630)站因移位升氣並更名，於2017/12/1變更為(C0U900)站。,C1U630,
C0U910,冬山,署屬自動站,17,121.7937,24.63373,宜蘭縣,冬山鄉冬山路98-5號(冬山消防分隊),2017-12-01,,原(C0U680)站因移位，於2017/12/1變更為(C0U910)站。,C0U680,
C0U940,羅東,署屬自動站,25,121.74934,24.68184,宜蘭縣,羅東鎮羅東運動公園南側(北成路二段停車場旁自行車道入口),2017-12-01,,,,
C0U950,鶯子嶺,署屬自動站,1012,121.79244,24.89754,宜蘭縣,頭城鎮鶯子嶺通信站區內,2017-12-01,,,,
C0U960,翠峰湖,署屬自動站,1885,121.608044,24.510856,宜蘭縣,大同鄉太平山翠峰湖停車場木棧道旁,2018-03-23,,,,
C0U970,大福,署屬自動站,7,121.81389,24.80064,宜蘭縣,壯圍鄉大福路一段62巷26號(大福國小),2017-12-01,,,,
C0U980,坪林石牌,署屬自動站,573,121.77396,24.86478,宜蘭縣,頭城鎮與新北市坪林區交界附近之國有林班地(位於坪林石牌附近山區),2017-12-01,,,,
C0U990,員山,署屬自動站,31,121.72247,24.74435,宜蘭縣,員山鄉員山村復興路39號(員山國小),2017-12-01,,,,
C0UA00,土場,署屬自動站,392,121.495333,24.576533,宜蘭縣,大同鄉土場,2018-03-23,,,,
C0UA10,鴛鴦湖,署屬自動站,1711,121.412228,24.590269,宜蘭縣,大同鄉100線林道約15K(太平山事業區32林班內，鴛鴦湖工作站旁空地),2018-03-23,,,,
C0UA20,多加屯,署屬自動站,2619,121.373189,24.368614,宜蘭縣,大同鄉南湖大山指標8.4K處(多加屯避難山屋附近),2017-12-28,,,,
C0UA30,白嶺,署屬自動站,1397,121.519031,24.527819,宜蘭縣,大同鄉太平山白嶺苗圃內,2018-03-23,,,,
C0UA40,西德山,署屬自動站,1121,121.752608,24.560647,宜蘭縣,南澳鄉安平坑林道(力霸產業道路)附近山區(南澳事業區28林班內),2018-05-09,,,,
C0UA50,西帽山,署屬自動站,808,121.802628,24.555361,宜蘭縣,南澳鄉台泥大白山運石道附近山區(羅東事業區96林班內),2018-05-09,,,,
C0UA60,樟樹山,署屬自動站,566,121.78325,24.41393,宜蘭縣,南澳鄉武塔村樟樹山附近山區,2018-03-23,,,,
C0UA70,桃源谷,署屬自動站,547,121.888875,24.962606,宜蘭縣,頭城鎮及新北市貢寮區交界之桃源谷附近空地,2018-03-23,,,,
C0UA80,大溪漁港,署屬自動站,10,121.902955,24.941801,宜蘭縣,頭城鎮大溪里濱海路5段492號(大溪安檢所樓頂),2022-03-09,,,,
C0UA90,石城,署屬自動站,5,121.951214,24.980444,宜蘭縣,頭城鎮石城路85號(石城執檢站樓頂),2022-03-09,,,,
C0UB00,淡江大學蘭陽校園,署屬自動站,379,121.730383,24.823239,宜蘭縣,礁溪鄉林尾路180號（淡江大學蘭陽校園內）,2022-01-05,,,,
C0UB10,蘇澳,署屬自動站,28,121.8571,24.5969,宜蘭縣,蘇澳鎮港區路1號6樓(蘇澳港行政大樓),2023-04-01,,原(467060)站於2023/04/01起變更站碼為(C0UB10)站。,467060,
C0UB20,壯圍,署屬自動站,30,121.8163,24.7359,宜蘭縣,壯圍鄉紅葉路69號,2022-12-26,,,,
C0UB60,明池,署屬自動站,1163,121.475277,24.650688,宜蘭縣,大同鄉明池段45-3地號,2025-04-25,,,,
C0UB70,太平山中間站,署屬自動站,890,121.513453,24.542003,宜蘭縣,大同鄉土場段35地號,2025-04-25,,,,
C0UB80,翠峰林道6K,署屬自動站,1981,121.568625,24.49773,宜蘭縣,大同鄉平元段15地號,2025-04-25,,,,
C0UB90,太平山莊,署屬自動站,1925,121.536209,24.494171,宜蘭縣,大同鄉太平山段10地號,2025-04-25,,,,
C0V210,復興,署屬自動站,734,120.806089,23.222403,高雄市,桃源區復興里復興巷1鄰15號,2013-04-18,,原(C1V210)站因擴充為氣象站，於2013/4/18升級為(C0V210)站。,C1V210,
C0V350,溪埔,署屬自動站,36,120.446797,22.738578,高雄市,大樹區溪埔里之台29線近83K處,2013-12-01,,原(C1V350)站因擴充為氣象站，於2013/12/1升級為(C0V350)站。,C1V350,
C0V360,內門,署屬自動站,94,120.466769,22.975481,高雄市,內門區木柵里木柵3號（木柵國民小學）,2013-12-01,,原(C1V360)站因擴充為氣象站，於2013/12/1升級為(C0V360)站。,C1V360,
C0V370,古亭坑,署屬自動站,74,120.401947,22.893178,高雄市,田寮區古亭里,1992-05-01,,本站因儀器汰換，自2013/8/31起暫停資料提供，並於2013/12/1完成驗收。,,
C0V400,阿公店,署屬自動站,56,120.355528,22.804194,高雄市,燕巢區西燕里工程路1號（阿公店水庫內）,2013-12-01,,原(C1V400)站因擴充為氣象站，於2013/12/1升級為(C0V400)站。,C1V400,
C0V440,鳳山,署屬自動站,27,120.356122,22.646653,高雄市,鳳山區文山路園藝巷4號（鳳山熱帶園藝試驗分所）,2013-12-01,,原(C1V440)站因移位及擴充為氣象，於2013/12/1升級為(C0V440)站。,C1V440,
C0V450,鳳森,署屬自動站,51,120.392592,22.545064,高雄市,小港區水庫段96-1地號（鳳山給水廠內）,2013-12-01,,原(C1V451)站因擴充為氣象站，於2013/12/1升級為(C0V450)站。於2024/01/08完成儀器汰換,C1V451,
C0V490,新興,署屬自動站,20,120.298803,22.627422,高雄市,新興區大同一路231號(大同國小內5樓頂),2009-12-01,,本站於2013/9/12起進行儀器汰換，並於2013/12/1完成驗收。於2024/01/08完成儀器汰換。,,
C0V530,阿蓮,署屬自動站,34,120.327508,22.883208,高雄市,阿蓮區阿蓮里民生路94號(阿蓮區公所),2013-08-01,,原(C1V530)站因擴充為氣象站，於2013/8/1升級為(C0V530)站。,C1V530,
C0V610,梓官,署屬自動站,22,120.267211,22.760558,高雄市,梓官區梓官路258號(梓官區公所),2013-12-01,,於2024/01/08完成儀器汰換,,
C0V620,永安,署屬自動站,18,120.236856,22.82315,高雄市,永安區永安路32號(永安消防分隊),2013-12-01,,於2024/01/08完成儀器汰換,,
C0V630,茄萣,署屬自動站,19,120.182608,22.906642,高雄市,茄萣區濱海路四段27號(茄萣區公所),2013-12-01,,,,
C0V640,湖內,署屬自動站,35,120.2445,22.887139,高雄市,湖內區中山路一段290之1號(湖街派出所),2013-12-01,,於2024/01/08完成儀器汰換,,
C0V650,彌陀,署屬自動站,28,120.246361,22.783806,高雄市,彌陀區中正北路7號(彌陀消防分隊),2013-12-01,,,,
C0V660,岡山,署屬自動站,25,120.294958,22.797078,高雄市,岡山區岡山路341號(岡山地政事務所),2013-12-01,,,,
C0V680,仁武,署屬自動站,40,120.347722,22.701083,高雄市,仁武區中正路133號(仁武區公所),2013-12-01,,,,
C0V690,鼓山,署屬自動站,30,120.275575,22.623325,高雄市,鼓山區臨海一路61-1號(鼓山消防分隊),2013-12-01,,,,
C0V700,三民,署屬自動站,24,120.311233,22.645017,高雄市,三民區十全一路88號(十全消防分隊),2013-12-01,,,,
C0V710,苓雅,署屬自動站,34,120.330669,22.622742,高雄市,苓雅區三多一路162號(苓雅消防分隊),2013-12-01,,,,
C0V720,林園,署屬自動站,15,120.394511,22.507747,高雄市,林園區林園北路179號(林園區公所),2013-08-01,,,,
C0V730,大寮,署屬自動站,33,120.395717,22.605614,高雄市,大寮區鳳林三路492號(大寮區公所),2013-08-01,,,,
C0V740,旗山,署屬自動站,60,120.483597,22.888614,高雄市,旗山區延平一路499號(旗山區公所),2013-08-01,,,,
C0V750,路竹,署屬自動站,50,120.259439,22.854997,高雄市,路竹區國昌路76號(路竹區公所),2013-12-01,,,,
C0V760,橋頭,署屬自動站,30,120.30575,22.757806,高雄市,橋頭區隆豐路1號(橋頭區公所),2013-12-01,,,,
C0V770,大社,署屬自動站,26,120.346639,22.730306,高雄市,大社區自強街1號(大社區公所),2013-12-01,,,,
C0V790,萬山,署屬自動站,410,120.688056,22.905944,高雄市,茂林區萬山段710地號,2013-12-01,,,,
C0V800,六龜,署屬自動站,256,120.633583,22.997889,高雄市,六龜區民治路9號(六龜消防隊),2013-12-01,,,,
C0V810,左營,署屬自動站,32,120.28491,22.67491,高雄市,左營區左營大路1號(高雄市立海青高級工商職業學校資訊大樓樓頂),2015-09-21,,於2024/01/08完成儀器汰換,,
C0V820,小林,署屬自動站,441,120.63325,23.148408,高雄市,甲仙區五里路24-2號（小林國小）,2018-12-20,,,,
C0V840,鳳鼻頭,署屬自動站,35,120.3591,22.5083,高雄市,小港區南星路107號,2022-12-26,,,,
C0V850,蚵仔寮,署屬自動站,22,120.2527,22.7256,高雄市,梓官區信蚵里廣澤路100號,2022-12-26,,,,
C0V860,南寮,署屬自動站,10,120.2339,22.7616,高雄市,彌陀區南寮里漁港1街62號,2022-12-26,,,,
C0V870,文安,署屬自動站,23,120.2164,22.8025,高雄市,彌陀區舊港橫路87號,2022-12-26,,,,
C0V880,興達,署屬自動站,19,120.2127,22.8778,高雄市,茄萣區順漁路100號,2022-12-26,,,,
C0V890,前鎮,署屬自動站,25,120.3117,22.5718,高雄市,前鎮區漁港北二路5號,2022-12-26,,,,
C0V900,汕尾,署屬自動站,6,120.4151,22.4782,高雄市,林園區,2022-12-26,,,,
C0V910,大樹,署屬自動站,50,120.432803,22.684645,高雄市,大樹區中正一路188號,2025-02-05,,,,
C0W110,東莒,署屬自動站,16,119.98069,25.9652,連江縣,莒光鄉福正村1號(福正抽水機房，莒光遊客中心後方),2016-07-01,,,,
C0W120,西嶼,署屬自動站,58,119.468436,23.5626,澎湖縣,西嶼鄉195號(西嶼燈塔西方),2016-07-01,,,,
C0W130,花嶼,署屬自動站,18,119.32276,23.40007,澎湖縣,望安鄉花嶼村2號(花嶼國民小學),2016-07-01,,,,
C0W140,金沙,署屬自動站,21,118.408778,24.488292,金門縣,金沙鎮環島北路四段465號(金門縣自來水廠榮湖淨水場),2016-10-05,,,,
C0W150,金寧,署屬自動站,42,118.328989,24.457703,金門縣,金寧鄉頂林路315號(金門縣消防局),2016-10-05,,,,
C0W160,烏坵,署屬自動站,49,119.44956,24.9944,金門縣,烏坵鄉,2016-10-05,,,,
C0W180,七美,署屬自動站,29,119.444892,23.219333,澎湖縣,雙心石滬風景區,2024-01-08,,,,
C0W190,望安,署屬自動站,52,119.494075,23.380564,澎湖縣,天台山風景區,2024-01-08,,,,
C0W200,湖西,署屬自動站,18,119.67275,23.596314,澎湖縣,摩西分海風景區,2024-01-08,,,,
C0W220,北竿,署屬自動站,40,119.974881,26.220358,連江縣,北竿鄉坂里村1-1號,2024-01-08,,,,
C0W240,九宮,署屬自動站,52,118.240186,24.423753,金門縣,烈嶼鄉南塘1之27號,2025-02-05,,,,
C0X050,東河,署屬自動站,25,120.385608,23.296598,臺南市,東山區東河里54號(東河水利工作站),2015-07-03,,原(C1X050)站因擴充為氣象站及移位，於2015/7/1升級為(C0X050)站。,C1X050,
C0X060,下營,署屬自動站,19,120.256261,23.22695,臺南市,下營區仁里里下營國小附近,2015-07-03,,原(C1X060)站因擴充為氣象站，於2015/7/1升級為(C0X060)站。,C1X060,
C0X080,佳里,署屬自動站,2,120.145086,23.173039,臺南市,佳里區西方之埔尾，近七股區之篤加,1993-03-01,,本站於2015/5/11起進行儀器汰換，並於2015/7/1完成驗收。,,
C0X100,臺南市北區,署屬自動站,10,120.194228,23.010394,臺南市,北區文賢路678號(和緯消防分隊),2013-04-18,,,,
C0X110,臺南市南區,署屬自動站,20,120.188378,22.961189,臺南市,南區明興路2號(南區區公所),2013-04-18,,,,
C0X120,麻豆,署屬自動站,28,120.248611,23.183289,臺南市,麻豆區興國路9號(麻豆消防分隊5樓頂),2013-04-18,,,,
C0X130,官田,署屬自動站,27,120.315422,23.193217,臺南市,官田區中山路一段132號(官田區公所),2013-04-18,,,,
C0X140,西港,署屬自動站,17,120.203108,23.125608,臺南市,西港區中山路450號(西港消防分隊4樓頂),2013-04-18,,,,
C0X150,安定,署屬自動站,18,120.227839,23.102614,臺南市,安定區南安里33-11號(安定消防分隊),2013-04-18,,,,
C0X160,仁德,署屬自動站,26,120.257689,22.968258,臺南市,仁德區仁義路432號(仁德消防分隊),2013-04-18,,,,
C0X170,關廟,署屬自動站,50,120.327797,22.963017,臺南市,關廟區中正路998號(關廟區公所3樓頂),2013-08-01,,,,
C0X180,山上,署屬自動站,62,120.363253,23.0757,臺南市,山上區豐德里隙子口5之1號(中油豐德供油中心2樓頂),2013-04-18,,,,
C0X190,安平,署屬自動站,10,120.152181,22.993161,臺南市,安平區城平路2號(台江國家公園管理處),2013-04-18,,,,
C0X200,左鎮,署屬自動站,61,120.408522,23.056758,臺南市,左鎮區中正里171號之4(左鎮區公所),2013-04-18,,2016/10/18因公所施工暫時無法提供資料，2017/1/24完工。,,
C0X210,白河,署屬自動站,38,120.414427,23.347466,臺南市,白河區中山路6號(白河消防分隊),2015-07-03,,,,
C0X220,學甲,署屬自動站,26,120.182187,23.230367,臺南市,學甲區華宗路313號(學甲區公所),2015-07-03,,,,
C0X230,鹽水,署屬自動站,29,120.247641,23.272621,臺南市,鹽水區竹埔里1號(竹埔派出所),2015-07-03,,,,
C0X240,關子嶺,署屬自動站,394,120.508025,23.331169,臺南市,白河區關嶺里94-3號(仙草國小關嶺分校),2015-07-03,,於2015/12/8短距離移位。本站於2015/11/23起進行儀器汰換，並於2015/12/8完成驗收。,,
C0X250,新營,署屬自動站,33,120.316681,23.310689,臺南市,新營區中正路30號(南瀛親子館),2015-07-03,,,,
C0X260,後壁,署屬自動站,39,120.362326,23.366358,臺南市,後壁區後壁里129號(後壁圖書館),2015-07-03,,,,
C0X280,將軍,署屬自動站,22,120.13577,23.214999,臺南市,將軍區將貴里58號(將軍國小),2015-07-03,,,,
C0X290,北門,署屬自動站,10,120.125481,23.267772,臺南市,北門區北門里舊埕108號(北門區公所),2016-01-01,,,,
C0X300,鹿寮,署屬自動站,70,120.477331,23.386047,臺南市,白河區崎內里12號(鹿寮水庫),2016-01-01,,,,
C0X320,柳營,署屬自動站,30,120.375253,23.253328,臺南市,柳營區國道3號北上324.7K處,2020-02-05,,,,
C0Z020,明里,署屬自動站,211,121.262342,23.208717,花蓮縣,富里鄉明里村明里社區後方山上,2010-07-01,,原(C1Z020)站因擴充為氣象站，於2010/7/1升級為(C0Z020)站。本站於2017/8/29起進行儀器汰換，於2017/12/1完成驗收。,C1Z020,
C0Z050,佳心,署屬自動站,824,121.21316,23.34567,花蓮縣,卓溪鄉佳心(玉山國家公園內，距花蓮卓溪鄉南安遊客步行2.5時之日據時代派出所舊址),1997-07-01,,本站於2017/9/3起進行儀器汰換，於2017/12/1完成驗收。,,
C0Z061,玉里,署屬自動站,174,121.339656,23.3215,花蓮縣,玉里鎮樂合里新民41號(樂合國小),2008-02-20,,原(C0Z060)站因移位，於2008/2/20更變為(C0Z061)站。本站於2017/8/17起進行儀器汰換，於2017/12/1完成驗收。,C0Z060,
C0Z070,舞鶴,署屬自動站,247,121.37407,23.46811,花蓮縣,瑞穗鄉舞鶴村加納納山三角點旁,1997-07-01,,本站於2017/6/21起進行儀器汰換，於2017/12/1完成驗收。,,
C0Z080,富源,署屬自動站,298,121.378225,23.587642,花蓮縣,光復鄉大豐村9鄰265號(富源國中對面之半山腰上),2012-01-01,,本站於2017/6/19起進行儀器汰換，於2017/12/1完成驗收。,,
C0Z100,東華,署屬自動站,36,121.549833,23.89525,花蓮縣,壽豐鄉大學路二段1號（國立東華大學）,2014-01-01,,本站於2017/3/29起進行儀器汰換，於2017/6/3完成驗收。,,
C0Z150,吉安光華,署屬自動站,27,121.595153,23.930925,花蓮縣,吉安鄉南濱路一段531號(水資源回收中心),2017-06-03,,,,
C0Z160,鳳林,署屬自動站,124,121.453411,23.746114,花蓮縣,鳳林鎮信義路200號(鳳林地政事務所),2017-06-03,,原(C1T930)站因移位及升級，於2017/6/3升級為(C0Z120)站。,C1T930,
C0Z170,卓溪,署屬自動站,194,121.3029,23.3443,花蓮縣,卓溪鄉卓溪村中正67號(花蓮縣卓溪鄉公所樓頂),2022-12-20,,"原(C1Z010)站因移位升級，於2017/12/1變更為(C0Z170)站。
2022/11/22舊站遷移(舊地址為卓溪鄉卓溪村中正路65-5號)，站碼不變，並於2022/12/20開始接續提供資料。",C1Z010,
C0Z180,新城,署屬自動站,37,121.604878,24.040486,花蓮縣,新城鄉大漢村大安街1號(新城鄉原住民多功能活動中心),2017-12-01,,原(C0T841)站因移位，於2017/12/1更變為(C0Z180)站。(C0Z180)站於2025/02/07從新城鄉公所遷移至新城鄉原住民多功能活動中心(約120公尺)，並於2025/04/07啟用。,C0T841,
C0Z190,富世,署屬自動站,62,121.6297,24.14743,花蓮縣,秀林鄉富世村127號(富世國小校園內),2017-12-01,,原(C0T9C0)站因移位，於2017/12/1變更為(C0Z190)站。,C0T9C,
C0Z200,萬榮,署屬自動站,153,121.420106,23.709219,花蓮縣,鳳林鎮長橋里長橋路2號(長橋國小),2017-06-03,,,,
C0Z210,瑞穗,署屬自動站,126,121.39021,23.5239,花蓮縣,瑞穗鄉鶴岡村167號(鶴岡國小),2017-12-01,,,,
C0Z220,和平林道,署屬自動站,589,121.656317,24.343922,花蓮縣,秀林鄉臺電公司東部發電廠碧海機組廠區內(進入管制哨約7公里處),2018-03-23,,,,
C0Z230,和平,署屬自動站,31,121.77007,24.30717,花蓮縣,秀林鄉克來寶段399地號(和平工業港安檢所綠洲分隊),2017-12-01,,,,
C0Z250,瑞穗林道,署屬自動站,1124,121.30688,23.49284,花蓮縣,卓溪鄉瑞穗林道約7.5K瑞欣礦區下方空地,2017-12-01,,,,
C0Z270,蕃薯寮,署屬自動站,343,121.540108,23.73835,花蓮縣,壽豐鄉水璉村蕃薯寮附近山區道路旁(牛山段607地號內),2017-06-03,,,,
C0Z280,德武,署屬自動站,224,121.41071,23.47426,花蓮縣,玉里鎮德武里附近山區道路旁(德武段680地號內),2017-12-01,,,,
C0Z290,赤柯山,署屬自動站,946,121.38293,23.36893,花蓮縣,玉里鎮赤柯山段338地號,2017-12-01,,,,
C0Z300,東里,署屬自動站,182,121.30547,23.26853,花蓮縣,富里鄉東里村大莊路52號(東里消防分隊),2017-12-01,,,,
C0Z310,清水斷崖,署屬自動站,59,121.689142,24.218294,花蓮縣,秀林鄉臺9線大清水遊憩區下方空地,2018-03-23,,,,
C0Z320,清水林道,署屬自動站,646,121.188272,23.27125,花蓮縣,卓溪鄉清水林道北側山區(新生段1地號),2018-05-09,,,,
C0Z330,安通山,署屬自動站,488,121.348528,23.290728,花蓮縣,玉里鎮安通產業道路附近山區,2018-05-09,,,,
